Trade.Agreement,HBTypeCode,Language,NorthSouth,Number,NumberMS,Sectoral,TypeDepth,TypeMemb,US_Partners,WTOListed,WTOTypeCode,Year,reg_africa,reg_americas,reg_asia,reg_europe,reg_intercontinental,reg_oceania,Nombre de normes,IAE,regioncon
1_Afghanistan India_2003,1.0,1.0,3.0,1,2.0,0.0,1.0,1.0,0,1.0,1,2003.0,1.0,0.0,0.0,0.0,0.0,0.0,2,1.0,Asia
10_Albania Kosovo_2003,2.0,1.0,3.0,10,2.0,0.0,2.0,1.0,0,1.0,2,2003.0,0.0,0.0,0.0,1.0,0.0,0.0,6,1.0,Europe
100_Bangkok Agreement_1975,1.0,1.0,3.0,100,5.0,0.0,1.0,2.0,0,1.0,1,1975.0,0.0,0.0,1.0,0.0,0.0,0.0,1,1.0,Asia
1000_COMESA EAC SADC_2015,2.0,1.0,3.0,1000,26.0,0.0,,4.0,1,0.0,,2015.0,1.0,0.0,0.0,0.0,0.0,0.0,24,2.0,Africa
1003_Brazil_Venezuela_2012,,,3.0,1003,,,,,0,,,2012.0,,,,,,,0,1.0,Americas
1007_USMCA_2018,2.0,1.0,2.0,1007,3.0,0.0,2.0,2.0,2,0.0,2,2018.0,0.0,1.0,0.0,0.0,0.0,0.0,153,7.0,Americas
1008_EC Singapore Investment Protection Agreement_2018,,,2.0,1008,,,,,1,,,2018.0,,,,,,,8,1.0,
1010_EC Vietnam Investment Protection Protocol_2019,,,2.0,1010,,,,,1,,,2019.0,,,,,,,6,1.0,
1011_Bosnia and Herzegovina Turkey_2019,,,3.0,1011,,,,,0,,,2019.0,,,,,,,8,1.0,Intercontinental
1012_Ecuador El Salvador_2017,,,3.0,1012,,,,,1,,,2017.0,,,,,,,17,2.0,Americas
1013_Georgia Hong Kong_2018,,,3.0,1013,,,,,0,,,2018.0,,,,,,,21,2.0,Asia
1014_Mexico Peru_2011,,,3.0,1014,,,,,1,,,2011.0,,,,,,,19,2.0,Americas
1015_Australia Hong Kong_2019,,,2.0,1015,,,,,1,,,2019.0,,,,,,,19,2.0,Asia
1017_Korea UK_2019,,,2.0,1017,,,,,1,,,2019.0,,,,,,,65,4.0,Intercontinental
1022_Georgia UK_2019,,,2.0,1022,,,,,0,,,2019.0,,,,,,,77,4.0,Intercontinental
1031_Pacific States UK_2019,,,2.0,1031,,,,,0,,,2019.0,,,,,,,16,1.0,Intercontinental
1035_Eastern and Southern African States UK_2019,,,2.0,1035,,,,,0,,,2019.0,,,,,,,33,2.0,Intercontinental
1036_CARIFORUM UK_2019,,,2.0,1036,,,,,1,,,2019.0,,,,,,,44,3.0,
1037_Southern African Customs Union Mozambique (SACUM) UK_2019,,,2.0,1037,,,,,0,,,2019.0,,,,,,,21,2.0,Intercontinental
1038_Brazil Paraguay_2020,,,3.0,1038,,,,,0,,,2020.0,,,,,,,0,1.0,Americas
1040_Eurasian Economic Union (EAEU)_2014,,,3.0,1040,,,,,0,,,2014.0,,,,,,,16,2.0,Intercontinental
1041_EFTA Turkey_2018,,,2.0,1041,,,,,0,,,2018.0,,,,,,,36,3.0,Europe
1043_Paraguay Taiwan_2017,,,3.0,1043,,,,,0,,,2017.0,,,,,,,4,1.0,Intercontinental
1044_Regional Comprehensive Economic Partnership (RCEP)_2020,,,2.0,1044,,,,,1,,,2020.0,,,,,,,23,1.0,Intercontinental
1045_Colombia Mexico_2011,,,3.0,1045,,,,,1,,,2011.0,,,,,,,0,1.0,Americas
1046_EC UK_2020,,,2.0,1046,,,,,0,,,2020.0,,,,,,,118,5.0,Europe
1047_China Mauritius_2019,,,3.0,1047,,,,,0,,,2019.0,,,,,,,19,2.0,Intercontinental
1048_Turkey UK_2020,,,2.0,1048,,,,,0,,,2020.0,,,,,,,12,3.0,Intercontinental
1049_Japan UK_2020,,,1.0,1049,,,,,1,,,2020.0,,,,,,,85,4.0,Intercontinental
1051_Cote d'Ivoire UK_2020,,,2.0,1051,,,,,0,,,2020.0,,,,,,,16,1.0,Intercontinental
1052_Kenya UK_2020,,,2.0,1052,,,,,0,,,2020.0,,,,,,,50,3.0,Intercontinental
1053_Moldova UK_2020,,,2.0,1053,,,,,0,,,2020.0,,,,,,,88,5.0,
1056_UK Ukraine_2020,,,2.0,1056,,,,,0,,,2020.0,,,,,,,83,4.0,
1058_Cameroon UK_2020,,,2.0,1058,,,,,0,,,2020.0,,,,,,,22,2.0,Intercontinental
1059_Canada UK_2020,,,1.0,1059,,,,,1,,,2020.0,,,,,,,19,2.0,
1061_Israel Ukraine_2019,,,3.0,1061,,,,,1,,,2019.0,,,,,,,40,4.0,Intercontinental
1062_Eastern and Southern Africa States (ESA) EC Interim EPA_2009,,,2.0,1062,,,,,0,,,2009.0,,,,,,,55,3.0,Intercontinental
1063_Association of Southeast Asian Nations (ASEAN) Hong Kong_2018,,,3.0,1063,,,,,1,,,2018.0,,,,,,,18,1.0,Asia
1064_Ecuador Guatemala_2011,,,3.0,1064,,,,,1,,,2011.0,,,,,,,16,2.0,Americas
1065_Canada Israel_2018,,,2.0,1065,,,,,1,,,2018.0,,,,,,,52,4.0,
1068_El Salvador Panama_1976,,,3.0,1068,,,,,1,,,1976.0,,,,,,,0,1.0,
1069_El Salvador Panama_1986,,,3.0,1069,,,,,1,,,1986.0,,,,,,,0,1.0,
1070_Colombia MERCOSUR services_2018,2.0,2.0,3.0,1070,5.0,1.0,,3.0,1,0.0,,2018.0,0.0,1.0,0.0,0.0,0.0,0.0,14,1.0,Americas
1071_Namibia Zimbabwe_2009,,,3.0,1071,,,,,0,,,2009.0,,,,,,,0,1.0,
1073_Brazil Chile_2018,,,3.0,1073,,,,,1,,,2018.0,,,,,,,95,5.0,Americas
1074_Chile China_2017,,,3.0,1074,,,,,1,,,2017.0,,,,,,,19,2.0,
1079_Group of Three Protocol_2010,,,3.0,1079,,,,,1,,,2010.0,,,,,,,0,1.0,
1080_Chile Ecuador_2020,,,3.0,1080,,,,,1,,,2020.0,,,,,,,84,5.0,Americas
1081_Australia UK_1957,,,1.0,1081,,,,,1,,,1957.0,,,,,,,0,1.0,
1082_Iceland Liechtenstein Norway UK_2021,,,1.0,1082,,,,,0,,,2021.0,,,,,,,117,5.0,Europe
1084_Armenia Belarus Kazakhstan Kyrgyzstan Russia (EAEU) Serbia_2019,,,3.0,1084,,,,,0,,,2019.0,,,,,,,4,1.0,Intercontinental
109_Belarus Russia (Union State)_1999,3.0,1.0,3.0,109,2.0,0.0,3.0,1.0,0,0.0,,1999.0,0.0,0.0,0.0,1.0,0.0,0.0,7,1.0,Europe
11_Albania Macedonia_2002,2.0,1.0,3.0,11,2.0,0.0,2.0,1.0,0,1.0,2,2002.0,0.0,0.0,0.0,1.0,0.0,0.0,8,1.0,Europe
112_Belarus Serbia_2009,,1.0,3.0,112,2.0,0.0,2.0,1.0,0,0.0,,2009.0,0.0,0.0,0.0,1.0,0.0,0.0,4,1.0,Europe
114_Belarus Ukraine_1992,2.0,1.0,3.0,114,2.0,0.0,2.0,1.0,0,1.0,2,1992.0,0.0,0.0,0.0,1.0,0.0,0.0,3,1.0,Europe
115_Belize Guatemala_2006,,1.0,3.0,115,2.0,0.0,1.0,1.0,0,0.0,,2006.0,0.0,1.0,0.0,0.0,0.0,0.0,7,1.0,Americas
116_Bhutan India_2006,,1.0,3.0,116,2.0,0.0,2.0,1.0,0,1.0,2,2006.0,0.0,0.0,1.0,0.0,0.0,0.0,1,1.0,Asia
117_Bhutan India_1972,2.0,1.0,3.0,117,2.0,0.0,2.0,1.0,0,0.0,,1972.0,0.0,0.0,1.0,0.0,0.0,0.0,0,1.0,Asia
119_Bolivia Chile_1993,1.0,2.0,3.0,119,2.0,0.0,1.0,1.0,0,0.0,,1993.0,0.0,1.0,0.0,0.0,0.0,0.0,15,2.0,Americas
12_Albania Moldova_2003,2.0,1.0,3.0,12,2.0,0.0,2.0,1.0,0,1.0,2,2003.0,0.0,0.0,0.0,1.0,0.0,0.0,7,1.0,Europe
121_Bolivia Cuba_2000,1.0,2.0,3.0,121,2.0,0.0,1.0,1.0,0,0.0,,2000.0,0.0,1.0,0.0,0.0,0.0,0.0,3,1.0,Americas
123_Bolivia MERCOSUR_1996,2.0,2.0,3.0,123,5.0,0.0,2.0,3.0,0,0.0,,1996.0,0.0,1.0,0.0,0.0,0.0,0.0,13,2.0,Americas
124_Bolivia Mexico_1994,2.0,2.0,3.0,124,2.0,0.0,2.0,1.0,0,0.0,,1994.0,0.0,1.0,0.0,0.0,0.0,0.0,37,2.0,Americas
125_Bolivia Paraguay_1994,,2.0,3.0,125,2.0,0.0,1.0,1.0,0,0.0,,1994.0,0.0,1.0,0.0,0.0,0.0,0.0,2,1.0,Americas
126_Bolivia Uruguay_1991,1.0,2.0,3.0,126,2.0,0.0,1.0,1.0,0,0.0,,1991.0,0.0,1.0,0.0,0.0,0.0,0.0,1,1.0,Americas
128_Bosnia and Herzegovina Bulgaria_2003,2.0,1.0,3.0,128,2.0,0.0,2.0,1.0,0,1.0,2,2003.0,0.0,0.0,0.0,1.0,0.0,0.0,8,1.0,Europe
129_Bosnia and Herzegovina Croatia_2000,2.0,1.0,3.0,129,2.0,0.0,2.0,1.0,0,1.0,2,2000.0,0.0,0.0,0.0,1.0,0.0,0.0,8,1.0,Europe
13_Albania Romania_2003,2.0,1.0,3.0,13,2.0,0.0,2.0,1.0,0,1.0,2,2003.0,0.0,0.0,0.0,1.0,0.0,0.0,10,1.0,Europe
130_Bosnia and Herzegovina EC SAA_2008,,1.0,2.0,130,28.0,0.0,2.0,3.0,0,0.0,,2008.0,0.0,0.0,0.0,1.0,0.0,0.0,30,2.0,Europe
131_Bosnia and Herzegovina Macedonia_2002,2.0,1.0,3.0,131,2.0,0.0,2.0,1.0,0,1.0,2,2002.0,0.0,0.0,0.0,1.0,0.0,0.0,8,1.0,Europe
132_Bosnia and Herzegovina Moldova_2002,2.0,1.0,3.0,132,2.0,0.0,2.0,1.0,0,1.0,2,2002.0,0.0,0.0,0.0,1.0,0.0,0.0,8,1.0,Europe
133_Bosnia and Herzegovina Romania_2003,2.0,1.0,3.0,133,2.0,0.0,2.0,1.0,0,1.0,2,2003.0,0.0,0.0,0.0,1.0,0.0,0.0,8,1.0,Europe
134_Bosnia and Herzegovina Serbia Montenegro_2002,2.0,1.0,3.0,134,2.0,0.0,2.0,1.0,0,0.0,,2002.0,0.0,0.0,0.0,1.0,0.0,0.0,8,1.0,Europe
135_Bosnia and Herzegovina Slovenia_2001,2.0,1.0,3.0,135,2.0,0.0,2.0,1.0,0,1.0,2,2001.0,0.0,0.0,0.0,1.0,0.0,0.0,7,1.0,Europe
136_Bosnia and Herzegovina Turkey_2002,2.0,1.0,3.0,136,2.0,0.0,2.0,1.0,0,1.0,2,2002.0,0.0,0.0,1.0,1.0,1.0,0.0,8,1.0,Intercontinental
138_Brazil Cuba_1989,1.0,2.0,3.0,138,2.0,0.0,1.0,1.0,0,0.0,,1989.0,0.0,1.0,0.0,0.0,0.0,0.0,1,1.0,Americas
138a_Brazil Cuba_1992,,5.0,3.0,138a,2.0,0.0,1.0,1.0,0,0.0,,1992.0,0.0,1.0,0.0,0.0,0.0,0.0,0,1.0,
139_Brazil Cuba_1999,1.0,2.0,3.0,139,2.0,0.0,1.0,1.0,0,0.0,,1999.0,0.0,1.0,0.0,0.0,0.0,0.0,1,1.0,Americas
14_Albania Serbia_2004,2.0,1.0,3.0,14,2.0,0.0,2.0,1.0,0,1.0,2,2003.0,0.0,0.0,0.0,1.0,0.0,0.0,7,1.0,Europe
140_Brazil Guyana_2001,1.0,2.0,3.0,140,2.0,0.0,1.0,1.0,0,0.0,,2001.0,0.0,1.0,0.0,0.0,0.0,0.0,1,1.0,Americas
141_Brazil Mexico_2002,1.0,2.0,3.0,141,2.0,0.0,1.0,1.0,1,0.0,,2002.0,0.0,1.0,0.0,0.0,0.0,0.0,5,1.0,Americas
142_Brazil Peru_1993,1.0,2.0,3.0,142,2.0,0.0,1.0,1.0,0,0.0,,1993.0,0.0,1.0,0.0,0.0,0.0,0.0,2,1.0,Americas
143_Brazil Suriname_2005,1.0,2.0,3.0,143,2.0,0.0,1.0,1.0,0,0.0,,2005.0,0.0,1.0,0.0,0.0,0.0,0.0,0,1.0,Americas
144_Brazil Uruguay_1986,1.0,2.0,3.0,144,2.0,0.0,1.0,1.0,0,0.0,,1986.0,0.0,1.0,0.0,0.0,0.0,0.0,1,1.0,Americas
146_Brunei Japan_2007,,1.0,2.0,146,2.0,0.0,2.0,1.0,0,1.0,2,2007.0,0.0,0.0,1.0,0.0,0.0,0.0,34,2.0,Asia
147_Bulgaria Czech Republic_1995,,1.0,3.0,147,2.0,,2.0,1.0,0,1.0,,1995.0,0.0,0.0,0.0,1.0,0.0,0.0,4,1.0,
148_Bulgaria EC_1993,2.0,1.0,2.0,148,13.0,0.0,2.0,3.0,0,1.0,2,1993.0,0.0,0.0,0.0,1.0,0.0,0.0,52,3.0,Europe
149_Bulgaria EFTA_1993,2.0,1.0,2.0,149,8.0,0.0,2.0,3.0,0,1.0,2,1993.0,0.0,0.0,0.0,1.0,0.0,0.0,9,1.0,Europe
15_Albania Turkey_2006,,1.0,3.0,15,2.0,0.0,2.0,1.0,0,1.0,2,2006.0,0.0,0.0,1.0,1.0,1.0,0.0,6,1.0,Intercontinental
150_Bulgaria Estonia_2001,2.0,1.0,3.0,150,2.0,0.0,2.0,1.0,0,1.0,2,2001.0,0.0,0.0,0.0,1.0,0.0,0.0,11,1.0,Europe
151_Bulgaria Finland_1974,2.0,1.0,2.0,151,2.0,0.0,2.0,1.0,0,1.0,2,1974.0,0.0,0.0,0.0,1.0,0.0,0.0,2,1.0,Europe
152_Bulgaria Israel_2001,2.0,1.0,3.0,152,2.0,0.0,2.0,1.0,1,1.0,2,2001.0,0.0,0.0,1.0,1.0,1.0,0.0,7,1.0,Intercontinental
153_Bulgaria Latvia_2002,2.0,1.0,3.0,153,2.0,0.0,2.0,1.0,0,1.0,2,2002.0,0.0,0.0,0.0,1.0,0.0,0.0,8,1.0,Europe
154_Bulgaria Lithuania_2001,2.0,1.0,3.0,154,2.0,0.0,2.0,1.0,0,1.0,2,2001.0,0.0,0.0,0.0,1.0,0.0,0.0,10,1.0,Europe
155_Bulgaria Macedonia_1999,2.0,1.0,3.0,155,2.0,0.0,2.0,1.0,0,1.0,2,1999.0,0.0,0.0,0.0,1.0,0.0,0.0,9,1.0,Europe
156_Bulgaria Moldova_2004,2.0,1.0,3.0,156,2.0,0.0,2.0,1.0,0,1.0,2,2004.0,0.0,0.0,0.0,1.0,0.0,0.0,9,1.0,Europe
157_Bulgaria Serbia_2003,2.0,1.0,3.0,157,2.0,0.0,2.0,1.0,0,1.0,2,2003.0,0.0,0.0,0.0,1.0,0.0,0.0,8,1.0,Europe
158_Bulgaria Slovakia_1995,,1.0,3.0,158,2.0,,2.0,1.0,0,1.0,,1995.0,0.0,0.0,0.0,1.0,0.0,0.0,4,1.0,Europe
159_Bulgaria Slovenia_1996,,1.0,3.0,159,2.0,,2.0,1.0,0,1.0,,1996.0,0.0,0.0,0.0,1.0,0.0,0.0,4,1.0,Europe
16_Algeria EC_1976,1.0,1.0,2.0,16,10.0,0.0,1.0,3.0,0,1.0,2,1976.0,1.0,0.0,0.0,1.0,1.0,0.0,4,1.0,Intercontinental
160_Bulgaria Turkey_1998,2.0,1.0,3.0,160,2.0,0.0,2.0,1.0,0,1.0,2,1998.0,0.0,0.0,1.0,1.0,1.0,0.0,6,1.0,Intercontinental
161_Canada Chile_1996,2.0,1.0,2.0,161,2.0,0.0,2.0,1.0,1,1.0,2,1996.0,0.0,1.0,0.0,0.0,0.0,0.0,76,5.0,Americas
162_Canada Colombia_2008,,1.0,2.0,162,2.0,0.0,2.0,1.0,1,1.0,2,2008.0,0.0,1.0,0.0,0.0,0.0,0.0,89,5.0,Americas
163_Canada Costa Rica_2001,2.0,1.0,2.0,163,2.0,0.0,2.0,1.0,1,1.0,2,2001.0,0.0,1.0,0.0,0.0,0.0,0.0,48,4.0,Americas
164_Canada EFTA_2008,,1.0,1.0,164,5.0,0.0,2.0,3.0,1,1.0,2,2008.0,0.0,1.0,0.0,1.0,1.0,0.0,10,1.0,Intercontinental
165_Canada Israel_1996,2.0,1.0,2.0,165,2.0,0.0,2.0,1.0,1,1.0,2,1996.0,0.0,1.0,1.0,0.0,1.0,0.0,9,1.0,Intercontinental
166_Canada Jordan_2009,,1.0,2.0,166,2.0,0.0,2.0,1.0,1,1.0,1,2009.0,0.0,1.0,1.0,0.0,1.0,0.0,59,5.0,Intercontinental
167_Canada New Zealand_1981,1.0,1.0,1.0,167,2.0,0.0,1.0,1.0,1,0.0,,1981.0,0.0,1.0,0.0,0.0,1.0,1.0,2,1.0,Intercontinental
168_Canada Peru_2008,,1.0,2.0,168,2.0,0.0,2.0,1.0,1,1.0,2,2008.0,0.0,1.0,0.0,0.0,0.0,0.0,88,5.0,Americas
169_Canada US_1988,2.0,1.0,1.0,169,2.0,0.0,2.0,1.0,2,1.0,2,1988.0,0.0,1.0,0.0,0.0,0.0,0.0,8,1.0,Americas
17_Algeria EC Euro-Med Association Agreement_2002,2.0,1.0,2.0,17,16.0,0.0,2.0,3.0,0,1.0,2,2002.0,1.0,0.0,0.0,1.0,1.0,0.0,26,2.0,Intercontinental
170_Canada US Automotive Products Trade Agreement (APTA)_1965,1.0,1.0,1.0,170,2.0,1.0,1.0,1.0,2,0.0,,1965.0,0.0,1.0,0.0,0.0,0.0,0.0,2,1.0,Americas
171_Caribbean Community (CARICOM)_1973,3.0,1.0,3.0,171,12.0,0.0,3.0,2.0,0,1.0,3,1973.0,0.0,1.0,0.0,0.0,0.0,0.0,3,1.0,Americas
172_Caribbean Community (CARICOM) Colombia_1994,1.0,1.0,3.0,172,14.0,0.0,1.0,3.0,0,0.0,,1994.0,0.0,1.0,0.0,0.0,0.0,0.0,7,1.0,Americas
173_Caribbean Community (CARICOM) Costa Rica_2004,1.0,1.0,3.0,173,15.0,0.0,1.0,3.0,1,0.0,,2004.0,0.0,1.0,0.0,0.0,0.0,0.0,10,1.0,Americas
174_Caribbean Community (CARICOM) Cuba_2000,1.0,1.0,3.0,174,15.0,0.0,1.0,3.0,0,0.0,,2000.0,0.0,1.0,0.0,0.0,0.0,0.0,8,1.0,Americas
175_Caribbean Community (CARICOM) Dominican Republic_1998,1.0,1.0,3.0,175,15.0,0.0,1.0,3.0,0,0.0,,1998.0,0.0,1.0,0.0,0.0,0.0,0.0,2,1.0,Americas
176_Caribbean Community (CARICOM) Protocol on Services_1997,,1.0,3.0,176,14.0,0.0,4.0,2.0,0,1.0,,1997.0,0.0,1.0,0.0,0.0,0.0,0.0,1,1.0,Americas
177_Caribbean Community (CARICOM) revised _2001,,1.0,3.0,177,14.0,0.0,3.0,2.0,0,0.0,,2001.0,0.0,1.0,0.0,0.0,0.0,0.0,53,4.0,Americas
178_Caribbean Community (CARICOM) Venezuela_1992,1.0,1.0,3.0,178,14.0,0.0,1.0,3.0,0,0.0,,1992.0,0.0,1.0,0.0,0.0,0.0,0.0,1,1.0,Americas
179_Caribbean Free Trade Association (CARIFTA)_1965,,1.0,3.0,179,3.0,0.0,2.0,2.0,0,0.0,,1965.0,0.0,1.0,0.0,0.0,0.0,0.0,3,1.0,Americas
18_Algeria Jordan_1997,2.0,1.0,3.0,18,2.0,0.0,2.0,1.0,0,0.0,,1997.0,1.0,0.0,1.0,0.0,1.0,0.0,1,1.0,Intercontinental
180_Caribbean Free Trade Association (CARIFTA)_1968,2.0,1.0,3.0,180,11.0,0.0,2.0,2.0,0,1.0,2,1968.0,0.0,1.0,0.0,0.0,0.0,0.0,1,1.0,Americas
181_CARIFORUM EC EPA_2008,,1.0,2.0,181,41.0,0.0,2.0,4.0,1,1.0,2,2008.0,0.0,1.0,0.0,1.0,1.0,0.0,84,4.0,Intercontinental
182_Central African Customs and Economic Union (UDEAC)_1964,3.0,1.0,3.0,182,5.0,0.0,3.0,2.0,0,0.0,,1964.0,1.0,0.0,0.0,0.0,0.0,0.0,0,1.0,Africa
183_Central America Chile_1999,,2.0,3.0,183,6.0,0.0,1.0,3.0,0,0.0,,1999.0,0.0,1.0,0.0,0.0,0.0,0.0,22,2.0,Americas
184_Central America Dominican Republic_1998,2.0,2.0,3.0,184,6.0,0.0,2.0,2.0,0,0.0,,1998.0,0.0,1.0,0.0,0.0,0.0,0.0,25,2.0,Americas
185_Central America Panama_2002,2.0,2.0,3.0,185,6.0,0.0,2.0,3.0,0,1.0,2,2002.0,0.0,1.0,0.0,0.0,0.0,0.0,28,2.0,Americas
186_Central American Common Market (CACM)_1960,3.0,1.0,3.0,186,4.0,0.0,3.0,2.0,0,1.0,3,1960.0,0.0,1.0,0.0,0.0,0.0,0.0,0,1.0,Americas
187_Central American Free Trade Agreement (CAFTA)_2004,,1.0,2.0,187,6.0,0.0,2.0,2.0,2,0.0,,2004.0,0.0,1.0,0.0,0.0,0.0,0.0,75,6.0,Americas
188_Agreement Secretariat Environmental Matters FTA_2006,,1.0,2.0,188,6.0,0.0,2.0,3.0,2,1.0,2,2006.0,0.0,1.0,0.0,0.0,0.0,0.0,8,2.0,Americas
188_Central American Free Trade Agreement (CAFTA) Dominican Republic_2004,2.0,1.0,2.0,188,7.0,0.0,2.0,3.0,2,1.0,2,2004.0,0.0,1.0,0.0,0.0,0.0,0.0,88,6.0,Americas
188_understanding establishment secretariat environmental matters CAFTA-DR_2005,,1.0,2.0,188,7.0,1.0,,3.0,2,0.0,,2005.0,0.0,1.0,0.0,0.0,0.0,0.0,3,2.0,Americas
189_Central American Free Trade Area (CAFTA)_1958,2.0,1.0,3.0,189,5.0,0.0,2.0,2.0,0,1.0,2,1958.0,0.0,1.0,0.0,0.0,0.0,0.0,0,1.0,Americas
19_Algeria Morocco_1989,,3.0,3.0,19,2.0,0.0,2.0,1.0,0,0.0,,1989.0,1.0,0.0,0.0,0.0,0.0,0.0,0,1.0,Africa
190_Central American Integration System_1991,,1.0,3.0,190,6.0,0.0,5.0,2.0,0,0.0,,1991.0,0.0,1.0,0.0,0.0,0.0,0.0,3,1.0,Americas
192_Central European Free Trade Agreement (CEFTA)_1992,,1.0,3.0,192,4.0,0.0,2.0,2.0,0,,,1992.0,0.0,0.0,0.0,1.0,0.0,0.0,4,1.0,Europe
192+1_Central European Free Trade Agreement (CEFTA) Slovenia accession_1995,4.0,1.0,3.0,192+1,5.0,0.0,2.0,5.0,0,1.0,2,1995.0,0.0,0.0,0.0,1.0,0.0,0.0,0,1.0,
192+2_Central European Free Trade Agreement (CEFTA) Romania accession_1997,4.0,1.0,3.0,192+2,6.0,0.0,2.0,5.0,0,1.0,2,1997.0,0.0,0.0,0.0,1.0,0.0,0.0,0,1.0,
192+3_Central European Free Trade Agreement (CEFTA) Bulgaria accession_1998,4.0,1.0,3.0,192+3,7.0,0.0,2.0,5.0,0,1.0,2,1998.0,0.0,0.0,0.0,1.0,0.0,0.0,0,1.0,
192+4_Central European Free Trade Agreement (CEFTA) Croatia accession_2002,4.0,1.0,3.0,192+4,8.0,0.0,2.0,5.0,0,1.0,2,2002.0,0.0,0.0,0.0,1.0,0.0,0.0,0,1.0,
193_Central European Free Trade Agreement (CEFTA)_2006,,1.0,3.0,193,10.0,0.0,2.0,2.0,0,1.0,2,2006.0,0.0,0.0,0.0,1.0,0.0,0.0,8,1.0,Europe
199_Chile China_2005,2.0,1.0,3.0,199,2.0,0.0,2.0,1.0,1,1.0,2,2005.0,0.0,1.0,1.0,0.0,1.0,0.0,30,2.0,Intercontinental
2_African Common Market_1962,,1.0,3.0,2,6.0,0.0,3.0,2.0,0,1.0,3,1962.0,1.0,0.0,0.0,0.0,0.0,0.0,0,1.0,Africa
20_Algeria Tunisia_2008,,4.0,3.0,20,2.0,0.0,1.0,1.0,0,0.0,,2008.0,1.0,0.0,0.0,0.0,0.0,0.0,3,1.0,Africa
200_Chile Colombia_1993,1.0,2.0,3.0,200,2.0,0.0,1.0,1.0,0,0.0,,1993.0,0.0,1.0,0.0,0.0,0.0,0.0,1,1.0,Americas
201_Chile Colombia_2006,2.0,2.0,3.0,201,2.0,0.0,2.0,1.0,1,1.0,2,2006.0,0.0,1.0,0.0,0.0,0.0,0.0,52,4.0,Americas
202_Chile EC_2002,2.0,1.0,2.0,202,16.0,0.0,2.0,3.0,0,1.0,2,2002.0,0.0,1.0,0.0,1.0,1.0,0.0,39,4.0,Intercontinental
203_Chile Ecuador_1994,1.0,2.0,3.0,203,2.0,0.0,1.0,1.0,0,0.0,,1994.0,0.0,1.0,0.0,0.0,0.0,0.0,1,1.0,Americas
204_Chile Ecuador_2008,,2.0,3.0,204,2.0,0.0,1.0,1.0,1,0.0,,2008.0,0.0,1.0,0.0,0.0,0.0,0.0,11,1.0,Americas
205_Chile_EFTA_2003,2.0,1.0,2.0,205,5.0,0.0,2.0,3.0,1,1.0,2,2003.0,0.0,1.0,0.0,1.0,1.0,0.0,16,1.0,Intercontinental
206_Chile India_2006,1.0,1.0,3.0,206,2.0,0.0,1.0,1.0,1,1.0,1,2006.0,0.0,1.0,1.0,0.0,1.0,0.0,7,1.0,Intercontinental
207_Chile Japan_2007,2.0,1.0,2.0,207,2.0,0.0,2.0,1.0,1,1.0,2,2007.0,0.0,1.0,1.0,0.0,1.0,0.0,14,1.0,Intercontinental
208_Chile Korea_2003,2.0,1.0,3.0,208,2.0,0.0,2.0,1.0,1,1.0,2,2003.0,0.0,1.0,1.0,0.0,1.0,0.0,39,2.0,Intercontinental
209_Chile MERCOSUR_1996,2.0,2.0,3.0,209,5.0,0.0,2.0,3.0,0,0.0,,1996.0,0.0,1.0,0.0,0.0,0.0,0.0,7,1.0,Americas
210_Chile MERCOSUR Protocol on Services_2009,,2.0,3.0,210,5.0,0.0,4.0,3.0,1,0.0,,2009.0,0.0,1.0,0.0,0.0,0.0,0.0,2,1.0,Americas
211_Chile Mexico_1991,1.0,2.0,3.0,211,2.0,0.0,1.0,1.0,0,0.0,,1991.0,0.0,1.0,0.0,0.0,0.0,0.0,3,1.0,Americas
212_Chile Mexico_1998,2.0,1.0,3.0,212,2.0,0.0,2.0,1.0,0,1.0,2,1998.0,0.0,1.0,0.0,0.0,0.0,0.0,35,2.0,Americas
213_Chile Panama_2006,,2.0,3.0,213,2.0,0.0,2.0,1.0,1,1.0,2,2006.0,0.0,1.0,0.0,0.0,0.0,0.0,12,1.0,Americas
215_Chile Peru_1998,2.0,2.0,3.0,215,2.0,0.0,2.0,1.0,0,0.0,,1998.0,0.0,1.0,0.0,0.0,0.0,0.0,11,1.0,Americas
216_Chile Turkey_2009,,2.0,3.0,216,2.0,0.0,2.0,1.0,1,1.0,,2009.0,0.0,1.0,1.0,0.0,1.0,0.0,36,3.0,Intercontinental
217_Chile Uruguay_1985,,2.0,3.0,217,2.0,0.0,1.0,1.0,0,0.0,,1985.0,0.0,1.0,0.0,0.0,0.0,0.0,1,1.0,Americas
218_Chile US_2003,2.0,1.0,2.0,218,2.0,0.0,2.0,1.0,2,1.0,2,2003.0,0.0,1.0,0.0,0.0,0.0,0.0,75,5.0,Americas
219_Chile Venezuela_1993,1.0,2.0,3.0,219,2.0,0.0,1.0,1.0,0,0.0,,1993.0,0.0,1.0,0.0,0.0,0.0,0.0,1,1.0,Americas
22_Andean Community Brazil_1999,1.0,2.0,3.0,22,5.0,0.0,1.0,3.0,0,0.0,,1999.0,0.0,1.0,0.0,0.0,0.0,0.0,6,1.0,Americas
220_China Hong Kong_2003,2.0,1.0,3.0,220,2.0,0.0,2.0,1.0,0,1.0,2,2003.0,0.0,0.0,1.0,0.0,0.0,0.0,5,1.0,Asia
221_China Macao_2003,2.0,1.0,3.0,221,2.0,0.0,2.0,1.0,0,1.0,2,2003.0,0.0,0.0,1.0,0.0,0.0,0.0,5,1.0,Asia
222_China_New_Zealand_2008,,1.0,2.0,222,2.0,0.0,2.0,1.0,0,1.0,2,2008.0,0.0,1.0,1.0,0.0,1.0,0.0,53,4.0,Intercontinental
224_China Pakistan_2006,2.0,1.0,3.0,224,2.0,0.0,2.0,1.0,0,1.0,2,2006.0,0.0,0.0,1.0,0.0,0.0,0.0,12,1.0,Asia
225_China Pakistan Services_2009,,1.0,3.0,225,2.0,0.0,4.0,1.0,0,1.0,2,2009.0,0.0,0.0,1.0,0.0,0.0,0.0,1,1.0,Asia
227_China Peru_2009,,1.0,3.0,227,2.0,0.0,2.0,1.0,1,1.0,2,2009.0,0.0,1.0,1.0,0.0,1.0,0.0,47,4.0,Intercontinental
228_China Singapore_2008,,1.0,3.0,228,2.0,0.0,2.0,1.0,1,1.0,2,2008.0,0.0,0.0,1.0,0.0,0.0,0.0,13,1.0,Asia
23_Andean Community Trujillo Protocol_1996,3.0,2.0,3.0,23,5.0,0.0,3.0,2.0,0,0.0,,1996.0,0.0,1.0,0.0,0.0,0.0,0.0,0,1.0,Americas
230_Colombia Costa Rica_1984,1.0,2.0,3.0,230,2.0,0.0,1.0,1.0,0,0.0,,1984.0,0.0,1.0,0.0,0.0,0.0,0.0,0,1.0,Americas
233_Colombia Cuba_2000,1.0,2.0,3.0,233,2.0,0.0,1.0,1.0,0,0.0,,2000.0,0.0,1.0,0.0,0.0,0.0,0.0,4,1.0,Americas
234_Colombia EFTA_2008,,1.0,2.0,234,5.0,0.0,2.0,3.0,1,1.0,,2008.0,0.0,1.0,0.0,1.0,1.0,0.0,42,2.0,Intercontinental
235_Colombia El Salvador_1984,1.0,2.0,3.0,235,2.0,0.0,1.0,1.0,0,0.0,,1984.0,0.0,1.0,0.0,0.0,0.0,0.0,1,1.0,Americas
236_Colombia Guatemala_1984,1.0,2.0,3.0,236,2.0,0.0,1.0,1.0,0,0.0,,1984.0,0.0,1.0,0.0,0.0,0.0,0.0,1,1.0,Americas
237_Colombia  Honduras_1984,1.0,2.0,3.0,237,2.0,0.0,1.0,1.0,0,0.0,,1984.0,0.0,1.0,0.0,0.0,0.0,0.0,1,1.0,Americas
238_Colombia Nicaragua_1984,1.0,2.0,3.0,238,2.0,0.0,1.0,1.0,0,0.0,,1984.0,0.0,1.0,0.0,0.0,0.0,0.0,1,1.0,Americas
239_Colombia Northern Triangle_2007,,2.0,3.0,239,4.0,0.0,1.0,3.0,1,0.0,,2007.0,0.0,1.0,0.0,0.0,0.0,0.0,25,2.0,Americas
24_Andean Countries Argentina_2000,1.0,2.0,3.0,24,5.0,0.0,1.0,3.0,0,0.0,,2000.0,0.0,1.0,0.0,0.0,0.0,0.0,6,1.0,Americas
240_Colombia Panama_1993,1.0,2.0,3.0,240,2.0,0.0,1.0,1.0,0,0.0,,1993.0,0.0,1.0,0.0,0.0,0.0,0.0,1,1.0,Americas
241_Colombia US_2006,,1.0,2.0,241,2.0,0.0,2.0,1.0,2,1.0,2,2006.0,0.0,1.0,0.0,0.0,0.0,0.0,101,6.0,Americas
242_Common Economic Zone_2003,,1.0,3.0,242,4.0,0.0,2.0,2.0,0,1.0,2,2003.0,0.0,0.0,1.0,1.0,1.0,0.0,0,1.0,Intercontinental
243_Common Market for Eastern and Southern Africa (COMESA)_1993,3.0,1.0,3.0,243,23.0,0.0,2.0,2.0,0,1.0,2,1993.0,1.0,0.0,0.0,0.0,0.0,0.0,63,4.0,Africa
244_Commonwealth of Independent States (CIS)_1994,2.0,1.0,3.0,244,12.0,0.0,2.0,2.0,0,1.0,2,1994.0,0.0,0.0,1.0,1.0,1.0,0.0,6,1.0,Intercontinental
247_Costa Rica Mexico_1982,1.0,2.0,3.0,247,2.0,0.0,1.0,1.0,0,0.0,,1982.0,0.0,1.0,0.0,0.0,0.0,0.0,1,1.0,Americas
248_Costa Rica Mexico_1994,2.0,2.0,3.0,248,2.0,0.0,2.0,1.0,0,1.0,2,1994.0,0.0,1.0,0.0,0.0,0.0,0.0,37,3.0,Americas
249_Costa Rica Nicaragua Panama_1961,1.0,2.0,3.0,249,3.0,0.0,1.0,2.0,0,0.0,,1961.0,0.0,1.0,0.0,0.0,0.0,0.0,0,1.0,Americas
25_Andean Countries MERCOSUR_2004,1.0,2.0,3.0,25,7.0,0.0,1.0,4.0,0,0.0,,2004.0,0.0,1.0,0.0,0.0,0.0,0.0,7,1.0,Americas
25+1_Andean Countries MERCOSUR Venezuela accession_2006,,2.0,3.0,25+1,5.0,0.0,1.0,6.0,1,,,2006.0,0.0,1.0,0.0,0.0,0.0,0.0,0,1.0,
250_Costa Rica Panama_1973,1.0,1.0,3.0,250,2.0,0.0,1.0,1.0,0,0.0,,1973.0,0.0,1.0,0.0,0.0,0.0,0.0,0,1.0,Americas
251_Costa Rica Venezuela_1986,1.0,2.0,3.0,251,2.0,0.0,1.0,1.0,0,0.0,,1986.0,0.0,1.0,0.0,0.0,0.0,0.0,1,1.0,Americas
252_Cote d'Ivoire EC EPA_2009,,1.0,2.0,252,28.0,0.0,2.0,3.0,0,1.0,2,2008.0,1.0,0.0,0.0,1.0,1.0,0.0,17,3.0,Intercontinental
253_Cotonou Agreement_2000,1.0,1.0,2.0,253,91.0,0.0,1.0,4.0,0,0.0,,2000.0,1.0,0.0,0.0,1.0,1.0,1.0,48,4.0,Intercontinental
254_Croatia EC_2001,1.0,1.0,2.0,254,16.0,0.0,1.0,3.0,0,0.0,,2001.0,0.0,0.0,0.0,1.0,0.0,0.0,4,1.0,Europe
255_Croatia EFTA_2001,2.0,1.0,2.0,255,5.0,0.0,2.0,3.0,0,1.0,2,2001.0,0.0,0.0,0.0,1.0,0.0,0.0,8,1.0,Europe
257_Croatia Lithuania_2002,,1.0,3.0,257,2.0,0.0,2.0,1.0,0,0.0,,2002.0,0.0,0.0,0.0,1.0,0.0,0.0,6,1.0,Europe
258_Croatia Macedonia_1997,2.0,1.0,3.0,258,2.0,0.0,2.0,1.0,0,1.0,2,1997.0,0.0,0.0,0.0,1.0,0.0,0.0,5,1.0,Europe
259_Croatia Macedonia (amended)_2002,2.0,1.0,3.0,259,2.0,0.0,2.0,1.0,0,0.0,,2002.0,0.0,0.0,0.0,1.0,0.0,0.0,5,1.0,Europe
26_Andean Group Cartagena Agreement_1969,1.0,1.0,3.0,26,5.0,0.0,1.0,2.0,0,0.0,,1969.0,0.0,1.0,0.0,0.0,0.0,0.0,0,1.0,Americas
260_Croatia Moldova_2004,2.0,1.0,3.0,260,2.0,0.0,2.0,1.0,0,1.0,2,2004.0,0.0,0.0,0.0,1.0,0.0,0.0,5,1.0,Europe
261_Croatia Serbia Montenegro_2002,2.0,1.0,3.0,261,2.0,0.0,2.0,1.0,0,1.0,2,2002.0,0.0,0.0,0.0,1.0,0.0,0.0,4,1.0,Europe
262_Croatia Slovenia_1997,2.0,1.0,3.0,262,2.0,0.0,2.0,1.0,0,1.0,2,1997.0,0.0,0.0,0.0,1.0,0.0,0.0,6,1.0,Europe
263_Croatia Turkey_2002,2.0,1.0,3.0,263,2.0,0.0,2.0,1.0,0,1.0,2,2002.0,0.0,0.0,1.0,1.0,1.0,0.0,5,1.0,Intercontinental
265_Cuba Ecuador_2000,1.0,2.0,3.0,265,2.0,0.0,1.0,1.0,0,0.0,,2000.0,0.0,1.0,0.0,0.0,0.0,0.0,3,1.0,Americas
266_Cuba Guatemala_1999,1.0,2.0,3.0,266,2.0,0.0,1.0,1.0,0,0.0,,1999.0,0.0,1.0,0.0,0.0,0.0,0.0,1,1.0,Americas
267_Cuba Mercosur_2006,1.0,2.0,3.0,267,5.0,0.0,1.0,3.0,0,0.0,,2006.0,0.0,1.0,0.0,0.0,0.0,0.0,6,1.0,Americas
268_Cuba Mexico_1985,1.0,2.0,3.0,268,2.0,0.0,1.0,1.0,1,0.0,,1985.0,0.0,1.0,0.0,0.0,0.0,0.0,1,1.0,Americas
269_Cuba Mexico_2000,1.0,2.0,3.0,269,2.0,0.0,1.0,1.0,1,0.0,,2000.0,0.0,1.0,0.0,0.0,0.0,0.0,3,1.0,Americas
27_Andean Group Quito Protocol_1987,2.0,2.0,3.0,27,5.0,0.0,3.0,2.0,0,1.0,3,1987.0,0.0,1.0,0.0,0.0,0.0,0.0,5,3.0,Americas
270_Cuba Paraguay_2000,1.0,2.0,3.0,270,2.0,0.0,1.0,1.0,0,0.0,,2000.0,0.0,1.0,0.0,0.0,0.0,0.0,7,1.0,Americas
273_Cuba Peru_2000,1.0,2.0,3.0,273,2.0,0.0,1.0,1.0,0,0.0,,2000.0,0.0,1.0,0.0,0.0,0.0,0.0,3,1.0,Americas
275_Cuba Uruguay_1999,1.0,2.0,3.0,275,2.0,0.0,1.0,1.0,0,0.0,,1999.0,0.0,1.0,0.0,0.0,0.0,0.0,3,1.0,Americas
277_Cuba Venezuela_1999,1.0,2.0,3.0,277,2.0,0.0,1.0,1.0,0,0.0,,1999.0,0.0,1.0,0.0,0.0,0.0,0.0,3,1.0,Americas
278_Cyprus EC_1972,3.0,1.0,2.0,278,10.0,0.0,3.0,3.0,0,1.0,3,1972.0,0.0,0.0,0.0,1.0,0.0,0.0,1,1.0,Europe
279_Czech and Slovak Republic EFTA_1992,2.0,1.0,2.0,279,9.0,0.0,2.0,3.0,0,1.0,2,1992.0,0.0,0.0,0.0,1.0,0.0,0.0,5,1.0,Europe
28_Andorra EC_1990,3.0,1.0,2.0,28,13.0,0.0,3.0,3.0,0,1.0,3,1990.0,0.0,0.0,0.0,1.0,0.0,0.0,1,1.0,Europe
280_Czech Republic EC_1993,2.0,1.0,2.0,280,13.0,0.0,2.0,3.0,0,1.0,2,1993.0,0.0,0.0,0.0,1.0,0.0,0.0,17,2.0,Europe
282_Czech Republic Estonia_1996,2.0,1.0,3.0,282,2.0,0.0,2.0,1.0,0,1.0,2,1996.0,0.0,0.0,0.0,1.0,0.0,0.0,6,1.0,Europe
283_Czech Republic Israel_1996,2.0,1.0,3.0,283,2.0,0.0,2.0,1.0,0,1.0,2,1996.0,0.0,0.0,1.0,1.0,1.0,0.0,4,1.0,Intercontinental
284_Czech Republic Latvia_1996,2.0,1.0,3.0,284,2.0,0.0,2.0,1.0,0,1.0,2,1996.0,0.0,0.0,0.0,1.0,0.0,0.0,6,1.0,Europe
285_Czech Republic Lithuania_1995,2.0,1.0,3.0,285,2.0,0.0,2.0,1.0,0,1.0,2,1995.0,0.0,0.0,0.0,1.0,0.0,0.0,4,1.0,Europe
286_Czech Republic Romania_1994,,1.0,3.0,286,2.0,,2.0,1.0,0,1.0,,1994.0,0.0,0.0,0.0,1.0,0.0,0.0,0,1.0,
287_Czech Republic Slovakia_1992,3.0,1.0,3.0,287,2.0,0.0,3.0,1.0,0,1.0,3,1992.0,0.0,0.0,0.0,1.0,0.0,0.0,3,1.0,Europe
288_Czech Republic Slovenia_1993,2.0,1.0,3.0,288,2.0,0.0,2.0,1.0,0,1.0,2,1993.0,0.0,0.0,0.0,1.0,0.0,0.0,4,1.0,Europe
289_Czech Republic Turkey_1997,2.0,1.0,3.0,289,2.0,0.0,2.0,1.0,0,1.0,2,1997.0,1.0,0.0,1.0,1.0,1.0,0.0,5,1.0,Intercontinental
29_Arab Common Market_1964,1.0,1.0,3.0,29,4.0,0.0,3.0,2.0,0,1.0,3,1964.0,1.0,0.0,1.0,0.0,1.0,0.0,0,1.0,Intercontinental
290_Czechoslovakia Finland_1974,2.0,1.0,2.0,290,2.0,0.0,2.0,1.0,0,1.0,2,1974.0,0.0,0.0,0.0,1.0,0.0,0.0,2,1.0,Europe
291_D8 PTA_2006,,1.0,3.0,291,8.0,0.0,1.0,2.0,0,0.0,,2006.0,1.0,0.0,1.0,0.0,1.0,0.0,5,1.0,Intercontinental
292_Dominican Republic Panama_1985,1.0,1.0,3.0,292,2.0,0.0,1.0,1.0,0,0.0,,1985.0,0.0,1.0,0.0,0.0,0.0,0.0,0,1.0,Americas
293_EC_1957,3.0,1.0,1.0,293,6.0,0.0,3.0,2.0,0,1.0,3,1957.0,0.0,0.0,0.0,1.0,0.0,0.0,5,1.0,Europe
293+1_EC (9) Enlargement Conditions_1972,,1.0,1.0,293+1,9.0,0.0,,5.0,0,,,1972.0,0.0,0.0,0.0,1.0,0.0,0.0,4,1.0,
293+1_EC (9) Enlargement Greece Protocol_1975,,1.0,1.0,293+1,10.0,0.0,,5.0,0,,,1975.0,0.0,0.0,0.0,1.0,0.0,0.0,0,1.0,
293+1_EC (9) Enlargement_1972,4.0,1.0,1.0,293+1,10.0,0.0,3.0,5.0,0,1.0,3,1972.0,0.0,0.0,0.0,1.0,0.0,0.0,0,1.0,
293+2_EC (10) Enlargement_1979,4.0,1.0,1.0,293+2,10.0,0.0,3.0,5.0,0,1.0,3,1979.0,0.0,0.0,0.0,1.0,0.0,0.0,6,1.0,
293+3_EC (12) Enlargement_1987,4.0,1.0,1.0,293+3,12.0,0.0,3.0,5.0,0,1.0,3,1985.0,0.0,0.0,0.0,1.0,0.0,0.0,4,1.0,
3_African Economic Community_1991,,1.0,3.0,3,51.0,0.0,3.0,2.0,0,0.0,,1991.0,1.0,0.0,0.0,0.0,0.0,0.0,21,2.0,Africa
30_Arab Maghreb Union_1989,,4.0,3.0,30,5.0,0.0,5.0,2.0,0,0.0,,1989.0,1.0,0.0,0.0,0.0,0.0,0.0,0,1.0,Africa
300_EC Amsterdam_1997,,1.0,1.0,300,15.0,0.0,3.0,2.0,0,0.0,,1997.0,0.0,0.0,0.0,1.0,0.0,0.0,39,4.0,Europe
302_EC Egypt_1977,1.0,1.0,2.0,302,10.0,0.0,1.0,3.0,0,1.0,2,1977.0,1.0,0.0,0.0,1.0,1.0,0.0,3,1.0,Intercontinental
303_EC Egypt Agreement_1972,1.0,1.0,2.0,303,10.0,0.0,1.0,3.0,0,1.0,2,1972.0,1.0,0.0,0.0,1.0,1.0,0.0,1,1.0,Intercontinental
304_EC Egypt Euro-Med Association Agreement_2001,2.0,1.0,2.0,304,16.0,0.0,2.0,3.0,0,1.0,2,2001.0,1.0,0.0,0.0,1.0,1.0,0.0,21,3.0,Intercontinental
305_EC Estonia_1994,2.0,1.0,2.0,305,16.0,0.0,2.0,3.0,0,1.0,2,1994.0,0.0,0.0,0.0,1.0,0.0,0.0,2,1.0,Europe
306_EC Estonia Europe Agreement_1995,2.0,1.0,2.0,306,16.0,0.0,2.0,3.0,0,0.0,,1995.0,0.0,0.0,0.0,1.0,0.0,0.0,50,4.0,Europe
307_EC Faroe Islands_1996,2.0,1.0,2.0,307,16.0,0.0,2.0,3.0,0,1.0,2,1996.0,0.0,0.0,0.0,1.0,0.0,0.0,2,1.0,Europe
308_EC Faroe Islands_1991,2.0,1.0,1.0,308,13.0,0.0,2.0,3.0,0,1.0,2,1991.0,0.0,0.0,0.0,1.0,0.0,0.0,2,1.0,Europe
309_EC Finland_1972,2.0,1.0,1.0,309,10.0,0.0,2.0,3.0,0,1.0,2,1972.0,0.0,0.0,0.0,1.0,0.0,0.0,2,1.0,Europe
310_EC Greece Additional Protocol_1975,,1.0,1.0,310,10.0,0.0,2.0,3.0,0,1.0,,1975.0,0.0,0.0,0.0,1.0,0.0,0.0,1,1.0,Europe
311_EC Greece Association Agreement_1961,2.0,1.0,1.0,311,7.0,0.0,3.0,3.0,0,1.0,3,1961.0,0.0,0.0,0.0,1.0,0.0,0.0,1,1.0,Europe
312_EC Hungary_1991,2.0,1.0,2.0,312,13.0,0.0,2.0,3.0,0,1.0,2,1991.0,0.0,0.0,0.0,1.0,0.0,0.0,43,4.0,Europe
313_EC Iceland_1972,2.0,1.0,1.0,313,10.0,0.0,2.0,3.0,0,1.0,2,1972.0,0.0,0.0,0.0,1.0,0.0,0.0,2,1.0,Europe
314_EC Israel_1970,1.0,1.0,2.0,314,7.0,0.0,1.0,3.0,0,1.0,2,1970.0,0.0,0.0,1.0,1.0,1.0,0.0,1,1.0,Intercontinental
315_EC Israel_1975,2.0,1.0,2.0,315,10.0,0.0,2.0,3.0,0,1.0,2,1975.0,0.0,0.0,1.0,1.0,1.0,0.0,2,1.0,Intercontinental
316_EC Israel Euro-Med Association Agreement_1995,2.0,1.0,2.0,316,16.0,0.0,2.0,3.0,1,1.0,2,1995.0,0.0,0.0,1.0,1.0,1.0,0.0,17,2.0,Intercontinental
317_EC Jordan_1977,1.0,1.0,2.0,317,10.0,0.0,1.0,3.0,0,1.0,2,1977.0,0.0,0.0,1.0,1.0,1.0,0.0,3,1.0,Intercontinental
318_EC Jordan Euro-Med Association Agreement_1997,2.0,1.0,2.0,318,16.0,0.0,2.0,3.0,0,1.0,2,1997.0,0.0,0.0,1.0,1.0,1.0,0.0,16,2.0,Intercontinental
319_EC Latvia_1994,2.0,1.0,2.0,319,16.0,0.0,2.0,3.0,0,1.0,2,1994.0,0.0,0.0,0.0,1.0,0.0,0.0,2,1.0,Europe
32_Argentina Brazil_1986,1.0,2.0,3.0,32,2.0,0.0,1.0,1.0,0,0.0,,1986.0,0.0,1.0,0.0,0.0,0.0,0.0,0,1.0,Americas
320_EC Latvia Europe Agreement_1995,2.0,1.0,2.0,320,16.0,0.0,2.0,3.0,0,0.0,,1995.0,0.0,0.0,0.0,1.0,0.0,0.0,57,4.0,Europe
321_EC Lebanon_1972,1.0,1.0,2.0,321,10.0,0.0,1.0,3.0,0,1.0,2,1972.0,0.0,0.0,1.0,1.0,1.0,0.0,1,1.0,Intercontinental
322_EC Lebanon_1977,1.0,1.0,2.0,322,10.0,0.0,1.0,3.0,0,1.0,2,1977.0,0.0,0.0,1.0,1.0,1.0,0.0,2,1.0,Intercontinental
323_EC Lebanon Euro-Med Association Agreement_2002,,1.0,2.0,323,16.0,0.0,2.0,3.0,0,0.0,,2002.0,0.0,0.0,1.0,1.0,1.0,0.0,26,2.0,Intercontinental
324_EC Lisbon_2007,,1.0,1.0,324,27.0,0.0,3.0,2.0,0,0.0,,2007.0,0.0,0.0,0.0,1.0,0.0,0.0,17,3.0,Europe
325_EC Lithuania_1994,2.0,1.0,2.0,325,16.0,0.0,2.0,3.0,0,1.0,2,1994.0,0.0,0.0,0.0,1.0,0.0,0.0,2,1.0,Europe
326_EC Lithuania Europe Agreement_1995,2.0,1.0,2.0,326,16.0,0.0,2.0,3.0,0,0.0,,1995.0,0.0,0.0,0.0,1.0,0.0,0.0,52,4.0,Europe
327_EC Maastricht_1992,,1.0,1.0,327,12.0,0.0,3.0,2.0,0,0.0,,1992.0,0.0,0.0,0.0,1.0,0.0,0.0,30,3.0,Europe
327+1_EC Maastricht (15) Enlargement_1994,4.0,1.0,1.0,327+1,15.0,0.0,3.0,5.0,0,1.0,3,1994.0,0.0,0.0,0.0,1.0,0.0,0.0,34,3.0,
328_EC Macedonia SAA_2001,2.0,1.0,2.0,328,16.0,0.0,2.0,3.0,0,0.0,,2001.0,0.0,0.0,0.0,1.0,0.0,0.0,36,2.0,Europe
329_EC Malta_1970,3.0,1.0,2.0,329,7.0,0.0,3.0,3.0,0,1.0,3,1970.0,0.0,0.0,0.0,1.0,0.0,0.0,1,1.0,Europe
33_Argentina Brazil_1988,1.0,2.0,3.0,33,2.0,0.0,1.0,1.0,0,0.0,,1988.0,0.0,1.0,0.0,0.0,0.0,0.0,0,1.0,Americas
330_EC Mexico_2000,2.0,1.0,2.0,330,16.0,0.0,2.0,3.0,1,1.0,2,2000.0,0.0,1.0,0.0,1.0,1.0,0.0,6,1.0,Intercontinental
331_EC Montenegro SAA_2007,,1.0,2.0,331,28.0,0.0,2.0,3.0,0,0.0,,2007.0,0.0,0.0,0.0,1.0,0.0,0.0,35,2.0,Europe
332_EC Morocco_1976,1.0,1.0,2.0,332,10.0,0.0,1.0,3.0,0,1.0,2,1976.0,1.0,0.0,0.0,1.0,1.0,0.0,3,1.0,Intercontinental
333_EC Morocco Association Agreement_1969,1.0,1.0,2.0,333,7.0,0.0,1.0,3.0,0,1.0,2,1969.0,1.0,0.0,0.0,1.0,1.0,0.0,1,1.0,Intercontinental
334_EC Morocco Euro-Med Association Agreement_1996,2.0,1.0,2.0,334,16.0,0.0,2.0,3.0,0,1.0,2,1996.0,1.0,0.0,0.0,1.0,1.0,0.0,13,3.0,Intercontinental
335_EC Nice_2001,,1.0,1.0,335,15.0,0.0,3.0,2.0,0,0.0,,2001.0,0.0,0.0,0.0,1.0,0.0,0.0,37,4.0,Europe
335+1_EC Nice (25) Enlargement_2003,4.0,1.0,2.0,335+1,25.0,0.0,3.0,5.0,0,1.0,3,2003.0,0.0,0.0,0.0,1.0,0.0,0.0,0,1.0,
335+2_EC Nice (27) Enlargement_2005,4.0,1.0,2.0,335+2,27.0,0.0,3.0,5.0,0,1.0,3,2005.0,0.0,0.0,0.0,1.0,0.0,0.0,13,3.0,
335+3_EC (28) Enlargement_2011,,1.0,2.0,335+3,28.0,0.0,3.0,5.0,0,,,2011.0,0.0,0.0,0.0,1.0,0.0,0.0,10,3.0,
336_EC Norway_1973,2.0,1.0,1.0,336,10.0,0.0,2.0,3.0,0,1.0,2,1973.0,0.0,0.0,0.0,1.0,0.0,0.0,2,1.0,Europe
337_EC Poland_1991,2.0,1.0,2.0,337,13.0,0.0,2.0,3.0,0,1.0,2,1991.0,0.0,0.0,0.0,1.0,0.0,0.0,37,4.0,Europe
338_EC Portugal_1972,2.0,1.0,1.0,338,10.0,0.0,2.0,3.0,0,1.0,2,1972.0,0.0,0.0,0.0,1.0,0.0,0.0,2,1.0,Europe
339_EC Portugal Additional Protocol_1976,,1.0,1.0,339,10.0,0.0,2.0,3.0,0,1.0,2,1976.0,0.0,0.0,0.0,1.0,0.0,0.0,0,1.0,Europe
34_Argentina Brazil_1990,1.0,2.0,3.0,34,2.0,0.0,1.0,1.0,0,0.0,,1990.0,0.0,1.0,0.0,0.0,0.0,0.0,3,1.0,Americas
340_EC Romania_1993,2.0,1.0,2.0,340,13.0,0.0,2.0,3.0,0,1.0,2,1993.0,0.0,0.0,0.0,1.0,0.0,0.0,45,3.0,Europe
341_EC San Marino_1991,3.0,1.0,1.0,341,13.0,0.0,3.0,3.0,0,1.0,3,1991.0,0.0,0.0,0.0,1.0,0.0,0.0,7,1.0,Europe
342_EC Serbia SAA_2008,,1.0,2.0,342,28.0,0.0,2.0,3.0,0,0.0,,2008.0,0.0,0.0,0.0,1.0,0.0,0.0,32,2.0,Europe
343_EC Single European Act_1986,,1.0,1.0,343,12.0,0.0,3.0,2.0,0,0.0,,1986.0,0.0,0.0,0.0,1.0,0.0,0.0,24,3.0,Europe
344_EC Slovakia_1993,2.0,1.0,2.0,344,13.0,0.0,2.0,3.0,0,1.0,2,1993.0,0.0,0.0,0.0,1.0,0.0,0.0,43,4.0,Europe
345_EC Slovenia_1993,1.0,1.0,2.0,345,13.0,0.0,1.0,3.0,0,1.0,2,1993.0,0.0,0.0,0.0,1.0,0.0,0.0,4,1.0,Europe
346_EC Slovenia Europe Agreement_1996,2.0,1.0,2.0,346,16.0,0.0,2.0,3.0,0,0.0,,1996.0,0.0,0.0,0.0,1.0,0.0,0.0,50,3.0,Europe
347_EC South Africa_1999,2.0,1.0,2.0,347,16.0,0.0,2.0,3.0,0,1.0,2,1999.0,1.0,0.0,0.0,1.0,1.0,0.0,37,4.0,Intercontinental
348_EC Spain_1970,1.0,1.0,1.0,348,7.0,0.0,1.0,3.0,0,1.0,2,1970.0,0.0,0.0,0.0,1.0,0.0,0.0,1,1.0,Europe
349_EC Sweden_1972,2.0,1.0,1.0,349,10.0,0.0,2.0,3.0,0,1.0,2,1972.0,0.0,0.0,0.0,1.0,0.0,0.0,2,1.0,Europe
35_Argentina Chile_1991,1.0,2.0,3.0,35,2.0,0.0,1.0,1.0,0,0.0,,1991.0,0.0,1.0,0.0,0.0,0.0,0.0,1,1.0,Americas
350_EC Switzerland Liechtenstein_1972,2.0,1.0,1.0,350,11.0,0.0,2.0,3.0,0,1.0,2,1972.0,0.0,0.0,0.0,1.0,0.0,0.0,5,1.0,Europe
351_EC Syria_1977,1.0,1.0,2.0,351,10.0,0.0,1.0,3.0,0,1.0,2,1977.0,0.0,0.0,1.0,1.0,1.0,0.0,3,1.0,Intercontinental
352_EC Tunisia_1976,1.0,1.0,2.0,352,10.0,0.0,1.0,3.0,0,1.0,2,1976.0,1.0,0.0,0.0,1.0,1.0,0.0,4,1.0,Intercontinental
353_EC Tunisia Association Agreement_1969,1.0,1.0,2.0,353,7.0,0.0,1.0,3.0,0,1.0,2,1969.0,1.0,0.0,0.0,1.0,1.0,0.0,1,1.0,Intercontinental
354_EC Tunisia Euro-Med Association Agreement_1995,2.0,1.0,2.0,354,16.0,0.0,2.0,3.0,0,1.0,2,1995.0,1.0,0.0,0.0,1.0,1.0,0.0,13,3.0,Intercontinental
355_EC Turkey_1995,3.0,1.0,2.0,355,16.0,0.0,3.0,3.0,0,1.0,3,1995.0,0.0,0.0,1.0,1.0,1.0,0.0,3,1.0,Intercontinental
356_EC Turkey Additional Protocol_1970,,1.0,2.0,356,7.0,0.0,2.0,3.0,0,1.0,2,1970.0,0.0,0.0,1.0,1.0,1.0,0.0,2,1.0,Intercontinental
357_EC Turkey Association Agreement (Ankara Agreement)_1963,1.0,1.0,2.0,357,7.0,0.0,1.0,3.0,0,1.0,2,1963.0,0.0,0.0,1.0,1.0,1.0,0.0,0,1.0,Intercontinental
358_EC Turkey Supplementary Protocol_1973,,1.0,2.0,358,10.0,0.0,3.0,3.0,0,1.0,3,1973.0,0.0,0.0,1.0,1.0,1.0,0.0,0,1.0,Intercontinental
359_EC Yugoslavia_1980,,1.0,2.0,359,11.0,0.0,2.0,3.0,0,1.0,2,1980.0,0.0,0.0,0.0,1.0,0.0,0.0,5,1.0,Europe
36_Argentina Colombia_1988,1.0,2.0,3.0,36,2.0,0.0,1.0,1.0,0,0.0,,1988.0,0.0,1.0,0.0,0.0,0.0,0.0,1,1.0,Americas
360_Economic and Monetary Community of Central Africa (CEMAC)_1994,3.0,4.0,3.0,360,6.0,0.0,3.0,2.0,0,1.0,3,1994.0,1.0,0.0,0.0,0.0,0.0,0.0,17,2.0,Africa
361_Economic and Monetary Community of Central Africa (CEMAC) revised_2008,,4.0,3.0,361,6.0,0.0,3.0,2.0,0,0.0,,2008.0,1.0,0.0,0.0,0.0,0.0,0.0,0,1.0,Africa
363_Economic Community of Central African States (ECCAS-CEEAC)_1983,,1.0,3.0,363,10.0,0.0,3.0,2.0,0,0.0,,1983.0,1.0,0.0,0.0,0.0,0.0,0.0,9,3.0,Africa
366_Economic Community Of West African States (ECOWAS)_1975,3.0,1.0,3.0,366,14.0,0.0,3.0,2.0,0,0.0,,1975.0,1.0,0.0,0.0,0.0,0.0,0.0,3,1.0,Africa
367_Economic Community Of West African States (ECOWAS)_1993,,1.0,3.0,367,15.0,0.0,3.0,2.0,0,1.0,3,1993.0,1.0,0.0,0.0,0.0,0.0,0.0,17,2.0,Africa
370_Economic Cooperation Organization (ECO) Preferences_1991,1.0,1.0,3.0,370,3.0,0.0,1.0,2.0,0,1.0,1,1991.0,0.0,0.0,1.0,0.0,0.0,0.0,0,1.0,Asia
371_Economic Cooperation Organization Trade Agreement (ECOTA)_2003,,1.0,3.0,371,10.0,0.0,1.0,2.0,0,0.0,,2003.0,0.0,0.0,1.0,0.0,0.0,0.0,5,1.0,Asia
372_Ecuador Mexico_1993,,2.0,3.0,372,2.0,0.0,1.0,1.0,0,0.0,,1993.0,0.0,1.0,0.0,0.0,0.0,0.0,1,1.0,Americas
373_Ecuador Paraguay_1994,1.0,2.0,3.0,373,2.0,0.0,1.0,1.0,0,0.0,,1994.0,0.0,1.0,0.0,0.0,0.0,0.0,1,1.0,Americas
374_Ecuador Uruguay_1994,1.0,2.0,3.0,374,2.0,0.0,1.0,1.0,0,0.0,,1994.0,0.0,1.0,0.0,0.0,0.0,0.0,1,1.0,Americas
375_EFTA_1960,2.0,1.0,1.0,375,7.0,0.0,2.0,2.0,0,1.0,2,1960.0,0.0,0.0,0.0,1.0,0.0,0.0,5,1.0,Europe
375+1_EFTA Iceland accession_1969,4.0,1.0,1.0,375+1,8.0,0.0,2.0,5.0,0,1.0,2,1969.0,0.0,0.0,0.0,1.0,0.0,0.0,0,1.0,
375+2_EFTA Annex H_1996,,1.0,1.0,375+2,4.0,,,2.0,0,,,1996.0,0.0,0.0,0.0,1.0,0.0,0.0,2,1.0,
376_EFTA Egypt_2007,,1.0,2.0,376,5.0,0.0,2.0,3.0,0,1.0,2,2007.0,1.0,0.0,0.0,1.0,1.0,0.0,17,2.0,Intercontinental
377_EFTA Estonia_1995,2.0,1.0,2.0,377,5.0,0.0,2.0,3.0,0,1.0,2,1995.0,0.0,0.0,0.0,1.0,0.0,0.0,11,1.0,Europe
379_EFTA GCC_2009,,1.0,2.0,379,10.0,0.0,2.0,4.0,1,1.0,2,2009.0,0.0,0.0,1.0,1.0,1.0,0.0,15,1.0,Intercontinental
380_EFTA Hungary_1993,2.0,1.0,2.0,380,8.0,0.0,2.0,3.0,0,1.0,2,1993.0,0.0,0.0,0.0,1.0,0.0,0.0,11,1.0,Europe
382_EFTA Israel_1992,2.0,1.0,2.0,382,8.0,0.0,2.0,3.0,1,1.0,2,1992.0,0.0,0.0,1.0,1.0,1.0,0.0,5,1.0,Intercontinental
383_EFTA Jordan_2001,2.0,1.0,2.0,383,5.0,0.0,2.0,3.0,1,1.0,2,2001.0,0.0,0.0,1.0,1.0,1.0,0.0,10,1.0,Intercontinental
384_EFTA Korea_2005,2.0,1.0,2.0,384,5.0,0.0,2.0,3.0,0,1.0,2,2005.0,0.0,0.0,1.0,1.0,1.0,0.0,23,2.0,Intercontinental
385_EFTA Latvia_1995,2.0,1.0,2.0,385,5.0,0.0,2.0,3.0,0,1.0,2,1995.0,0.0,0.0,0.0,1.0,0.0,0.0,14,1.0,Europe
386_EFTA Lebanon_2004,2.0,1.0,2.0,386,5.0,0.0,2.0,3.0,0,1.0,2,2004.0,0.0,0.0,1.0,1.0,1.0,0.0,10,1.0,Intercontinental
388_EFTA Lithuania_1995,2.0,1.0,2.0,388,5.0,0.0,2.0,3.0,0,1.0,2,1995.0,0.0,0.0,0.0,1.0,0.0,0.0,7,1.0,Europe
389_EFTA Macedonia_2000,2.0,1.0,2.0,389,5.0,0.0,2.0,3.0,0,1.0,2,2000.0,0.0,0.0,0.0,1.0,0.0,0.0,10,1.0,Europe
39_Argentina Cuba_1999,1.0,2.0,3.0,39,2.0,0.0,1.0,1.0,0,0.0,,1999.0,0.0,1.0,0.0,0.0,0.0,0.0,1,1.0,Americas
390_EFTA Mexico_2000,2.0,1.0,2.0,390,5.0,0.0,2.0,3.0,1,1.0,2,2000.0,0.0,1.0,0.0,1.0,1.0,0.0,15,1.0,Intercontinental
391_EFTA Morocco_1997,2.0,1.0,2.0,391,5.0,0.0,2.0,3.0,0,1.0,2,1997.0,1.0,0.0,0.0,1.0,1.0,0.0,14,1.0,Intercontinental
392_EFTA Poland_1992,2.0,1.0,2.0,392,8.0,0.0,2.0,3.0,0,1.0,2,1992.0,0.0,0.0,0.0,1.0,0.0,0.0,10,1.0,Europe
393_EFTA Romania_1992,2.0,1.0,2.0,393,8.0,0.0,2.0,3.0,0,1.0,2,1992.0,0.0,0.0,0.0,1.0,0.0,0.0,5,1.0,Europe
394_EFTA Serbia_2009,,1.0,2.0,394,5.0,0.0,2.0,3.0,0,1.0,,2009.0,0.0,0.0,0.0,1.0,0.0,0.0,14,1.0,Europe
395_EFTA services_2001,,1.0,1.0,395,4.0,0.0,4.0,2.0,0,1.0,,2001.0,0.0,0.0,0.0,1.0,0.0,0.0,31,3.0,Europe
396_EFTA Singapore_2002,2.0,1.0,2.0,396,5.0,0.0,2.0,3.0,0,1.0,2,2002.0,0.0,0.0,1.0,1.0,1.0,0.0,17,3.0,Intercontinental
398_EFTA Slovenia_1995,2.0,1.0,2.0,398,5.0,0.0,2.0,3.0,0,1.0,2,1995.0,0.0,0.0,0.0,1.0,0.0,0.0,11,1.0,Europe
399_EFTA Southern African Customs Union (SACU)_2006,2.0,1.0,2.0,399,9.0,0.0,2.0,4.0,0,1.0,2,2006.0,1.0,0.0,0.0,1.0,1.0,0.0,19,2.0,Intercontinental
4_Agadir Agreement_2004,2.0,1.0,3.0,4,4.0,0.0,2.0,2.0,1,0.0,,2004.0,1.0,0.0,1.0,0.0,1.0,0.0,4,1.0,Intercontinental
40_Argentina Ecuador_1984,,2.0,3.0,40,2.0,0.0,1.0,1.0,0,0.0,,1984.0,0.0,1.0,0.0,0.0,0.0,0.0,0,1.0,Americas
400_EFTA Spain_1979,2.0,1.0,1.0,400,7.0,0.0,2.0,3.0,0,1.0,2,1979.0,0.0,0.0,0.0,1.0,0.0,0.0,2,1.0,Europe
401_EFTA Tunisia_2004,2.0,1.0,2.0,401,5.0,0.0,2.0,3.0,0,1.0,2,2004.0,1.0,0.0,0.0,1.0,1.0,0.0,20,2.0,Intercontinental
402_EFTA Turkey_1991,2.0,1.0,2.0,402,8.0,0.0,2.0,3.0,0,1.0,2,1991.0,0.0,0.0,1.0,1.0,1.0,0.0,7,1.0,Intercontinental
404_Egypt Jordan_1998,2.0,1.0,3.0,404,2.0,0.0,2.0,1.0,0,0.0,,1998.0,1.0,0.0,1.0,0.0,1.0,0.0,2,1.0,Intercontinental
405_Egypt Jordan_1996,,1.0,3.0,405,2.0,0.0,2.0,1.0,0,0.0,,1996.0,1.0,0.0,1.0,0.0,1.0,0.0,2,1.0,Intercontinental
406_Egypt Jordan _1967,,1.0,3.0,406,2.0,0.0,1.0,1.0,0,0.0,,1967.0,1.0,0.0,1.0,0.0,1.0,0.0,0,1.0,Intercontinental
41_Argentina Ecuador_1993,1.0,2.0,3.0,41,2.0,0.0,1.0,1.0,0,0.0,,1993.0,0.0,1.0,0.0,0.0,0.0,0.0,1,1.0,Americas
410_Egypt Morocco_1998,1.0,3.0,3.0,410,2.0,0.0,1.0,1.0,0,0.0,,1998.0,1.0,0.0,0.0,0.0,0.0,0.0,1,1.0,Africa
412_Egypt PLO_1998,,1.0,3.0,412,2.0,0.0,5.0,1.0,0,0.0,,1998.0,1.0,0.0,1.0,0.0,1.0,0.0,0,1.0,Intercontinental
413_Egypt Syria_1991,1.0,3.0,3.0,413,2.0,0.0,1.0,1.0,0,0.0,,1991.0,1.0,0.0,1.0,0.0,1.0,0.0,0,1.0,Intercontinental
415_Egypt Turkey_2005,2.0,1.0,3.0,415,2.0,0.0,2.0,1.0,0,1.0,2,2005.0,1.0,0.0,1.0,0.0,1.0,0.0,6,1.0,Intercontinental
416_El Salvador Honduras Taiwan_2007,2.0,1.0,3.0,416,3.0,0.0,2.0,2.0,1,1.0,2,2007.0,0.0,1.0,1.0,0.0,1.0,0.0,48,3.0,Intercontinental
417_El Salvador Mexico_1986,1.0,1.0,3.0,417,2.0,0.0,1.0,1.0,0,0.0,,1986.0,0.0,1.0,0.0,0.0,0.0,0.0,1,1.0,Americas
418_El Salvador Nicaragua Free Trade Area_1951,2.0,1.0,3.0,418,2.0,0.0,2.0,1.0,0,1.0,2,1951.0,0.0,1.0,0.0,0.0,0.0,0.0,0,1.0,Americas
419_El Salvador Panama_1970,1.0,1.0,3.0,419,2.0,0.0,1.0,1.0,0,0.0,,1970.0,0.0,1.0,0.0,0.0,0.0,0.0,0,1.0,Americas
421_El Salvador Venezuela_1986,1.0,1.0,3.0,421,2.0,0.0,1.0,1.0,0,0.0,,1986.0,0.0,1.0,0.0,0.0,0.0,0.0,1,1.0,Americas
422_Equatorial Customs Union_1959,3.0,1.0,3.0,422,4.0,0.0,3.0,2.0,0,0.0,,1959.0,1.0,0.0,0.0,0.0,0.0,0.0,0,1.0,Africa
422+1_Equatorial Customs Union Cameroon Accession_1961,3.0,1.0,3.0,422+1,5.0,0.0,2.0,3.0,0,1.0,2,1961.0,1.0,0.0,0.0,0.0,0.0,0.0,0,1.0,
424_Estonia Faroe Islands_1997,2.0,1.0,2.0,424,2.0,0.0,2.0,1.0,0,1.0,2,1997.0,0.0,0.0,0.0,1.0,0.0,0.0,5,1.0,Europe
425_Estonia Finland_1992,2.0,1.0,2.0,425,2.0,0.0,2.0,1.0,0,1.0,2,1992.0,0.0,0.0,0.0,1.0,0.0,0.0,2,1.0,Europe
426_Estonia Hungary_1998,2.0,1.0,3.0,426,2.0,0.0,2.0,1.0,0,1.0,2,1998.0,0.0,0.0,0.0,1.0,0.0,0.0,7,1.0,Europe
427_Estonia Norway_1992,2.0,1.0,2.0,427,2.0,0.0,2.0,1.0,0,1.0,2,1992.0,0.0,0.0,0.0,1.0,0.0,0.0,0,1.0,Europe
428_Estonia Slovakia_1996,2.0,1.0,3.0,428,2.0,0.0,2.0,1.0,0,1.0,2,1996.0,0.0,0.0,0.0,1.0,0.0,0.0,5,1.0,Europe
429_Estonia Slovenia_1996,2.0,1.0,3.0,429,2.0,0.0,2.0,1.0,0,1.0,2,1996.0,0.0,0.0,0.0,1.0,0.0,0.0,7,1.0,Europe
43_Argentina Mexico_1986,1.0,2.0,3.0,43,2.0,0.0,1.0,1.0,0,0.0,,1986.0,0.0,1.0,0.0,0.0,0.0,0.0,1,1.0,Americas
430_Estonia Sweden_1991,2.0,1.0,2.0,430,2.0,0.0,2.0,1.0,0,1.0,2,1991.0,0.0,0.0,0.0,1.0,0.0,0.0,0,1.0,Europe
431_Estonia Switzerland_1992,2.0,1.0,2.0,431,2.0,0.0,2.0,1.0,0,1.0,2,1992.0,0.0,0.0,0.0,1.0,0.0,0.0,4,1.0,Europe
432_Estonia Turkey_1997,2.0,1.0,3.0,432,2.0,0.0,2.0,1.0,0,1.0,2,1997.0,0.0,0.0,1.0,1.0,1.0,0.0,3,1.0,Intercontinental
433_Estonia Ukraine_1995,2.0,1.0,3.0,433,2.0,0.0,2.0,1.0,0,1.0,2,1995.0,0.0,0.0,0.0,1.0,0.0,0.0,4,1.0,Europe
434_Eurasian Economic Community (EAEC)_1999,3.0,1.0,3.0,434,5.0,0.0,3.0,2.0,0,0.0,,1999.0,0.0,0.0,1.0,1.0,1.0,0.0,2,1.0,Intercontinental
436_European Coal and Steel Community_1951,1.0,4.0,1.0,436,6.0,0.0,1.0,2.0,0,0.0,,1951.0,0.0,0.0,0.0,1.0,0.0,0.0,0,1.0,Europe
437_European Economic Area (EEA)_1992,2.0,1.0,1.0,437,18.0,0.0,2.0,4.0,0,1.0,2,1992.0,0.0,0.0,0.0,1.0,0.0,0.0,43,4.0,Europe
438_Faroe Islands Iceland_1992,2.0,1.0,1.0,438,2.0,0.0,2.0,1.0,0,1.0,2,1992.0,0.0,0.0,0.0,1.0,0.0,0.0,3,1.0,Europe
439_Faroe Islands Iceland_2005,,1.0,2.0,439,2.0,0.0,2.0,1.0,0,1.0,2,2005.0,0.0,0.0,0.0,1.0,0.0,0.0,2,1.0,Europe
440_Faroe Islands Norway_1992,2.0,1.0,1.0,440,2.0,0.0,2.0,1.0,0,1.0,2,1992.0,0.0,0.0,0.0,1.0,0.0,0.0,4,1.0,Europe
441_Faroe Islands Poland_1998,2.0,1.0,2.0,441,2.0,0.0,2.0,1.0,0,1.0,2,1998.0,0.0,0.0,0.0,1.0,0.0,0.0,4,1.0,Europe
443_Faroe Islands Switzerland_1992,2.0,1.0,1.0,443,2.0,0.0,2.0,1.0,0,1.0,2,1992.0,0.0,0.0,0.0,1.0,0.0,0.0,4,1.0,Europe
445_EFTA Finland_1961,2.0,1.0,1.0,445,8.0,0.0,2.0,3.0,0,1.0,2,1961.0,0.0,0.0,0.0,1.0,0.0,0.0,2,1.0,Europe
446_Finland German Democratic Republic_1975,2.0,1.0,2.0,446,2.0,0.0,2.0,1.0,0,1.0,2,1975.0,0.0,0.0,0.0,1.0,0.0,0.0,2,1.0,Europe
447_Finland Hungary_1974,2.0,1.0,2.0,447,2.0,0.0,2.0,1.0,0,1.0,2,1974.0,0.0,0.0,0.0,1.0,0.0,0.0,2,1.0,Europe
448_Finland Latvia_1992,2.0,1.0,2.0,448,2.0,0.0,2.0,1.0,0,1.0,2,1992.0,0.0,0.0,0.0,1.0,0.0,0.0,4,1.0,Europe
449_Finland Lithuania_1992,2.0,1.0,2.0,449,2.0,0.0,2.0,1.0,0,1.0,2,1992.0,0.0,0.0,0.0,1.0,0.0,0.0,2,1.0,Europe
44a_Argentina Mexico_1989,,2.0,3.0,44a,2.0,0.0,1.0,1.0,0,0.0,,1989.0,0.0,1.0,0.0,0.0,0.0,0.0,0,1.0,
45_Argentina Paraguay_1989,1.0,2.0,3.0,45,2.0,0.0,1.0,1.0,0,0.0,,1989.0,0.0,1.0,0.0,0.0,0.0,0.0,1,1.0,Americas
450_Finland Poland_1976,2.0,1.0,2.0,450,2.0,0.0,2.0,1.0,0,1.0,2,1976.0,0.0,0.0,0.0,1.0,0.0,0.0,5,1.0,Europe
452_France Monaco_1963,,1.0,1.0,452,2.0,0.0,3.0,1.0,0,0.0,,1963.0,0.0,0.0,0.0,1.0,0.0,0.0,0,1.0,Europe
453_France Tunisia Customs Union Convention_1955,3.0,1.0,2.0,453,2.0,0.0,3.0,1.0,0,0.0,,1955.0,1.0,0.0,0.0,1.0,1.0,0.0,2,1.0,Intercontinental
454_Georgia Kazakhstan_1997,2.0,1.0,3.0,454,2.0,0.0,2.0,1.0,0,1.0,2,1997.0,0.0,0.0,1.0,0.0,1.0,0.0,3,1.0,Asia
455_Georgia Russia_1994,2.0,1.0,3.0,455,2.0,0.0,2.0,1.0,0,1.0,2,1994.0,0.0,0.0,1.0,1.0,1.0,0.0,4,1.0,Intercontinental
456_Georgia Turkey_2007,,1.0,3.0,456,2.0,0.0,2.0,1.0,0,1.0,2,2007.0,0.0,0.0,1.0,0.0,0.0,0.0,7,1.0,Asia
457_Georgia Turkmenistan_1996,2.0,1.0,3.0,457,2.0,0.0,2.0,1.0,0,1.0,2,1996.0,0.0,0.0,1.0,0.0,0.0,0.0,4,1.0,Asia
458_Georgia Ukraine_1995,2.0,1.0,3.0,458,2.0,0.0,2.0,1.0,0,1.0,2,1995.0,0.0,0.0,1.0,1.0,1.0,0.0,6,1.0,Intercontinental
46_Argentina Peru_1988,1.0,2.0,3.0,46,2.0,0.0,1.0,1.0,0,0.0,,1988.0,0.0,1.0,0.0,0.0,0.0,0.0,1,1.0,Americas
460_Ghana Upper Volta Trade Agreement_1961,3.0,1.0,3.0,460,2.0,0.0,3.0,1.0,0,1.0,2,1961.0,1.0,0.0,0.0,0.0,0.0,0.0,0,1.0,Africa
461_Global System of Trade Preferences (GSTP)_1988,,1.0,3.0,461,48.0,0.0,1.0,2.0,0,1.0,1,1988.0,1.0,1.0,1.0,1.0,1.0,0.0,1,1.0,Intercontinental
462_Greater Arab Free Trade Agreement_1997,2.0,1.0,3.0,462,18.0,0.0,2.0,2.0,0,1.0,2,1997.0,1.0,0.0,1.0,0.0,1.0,0.0,2,1.0,Intercontinental
464_Group of Three_1994,2.0,2.0,3.0,464,3.0,0.0,2.0,2.0,1,1.0,2,1994.0,0.0,1.0,0.0,0.0,0.0,0.0,37,3.0,Americas
464+1_Group of three_2011,2.0,2.0,3.0,464+1,2.0,0.0,,2.0,1,0.0,,2011.0,0.0,1.0,0.0,0.0,0.0,0.0,0,1.0,
465_Group of Three Auto Agreement_2004,1.0,1.0,3.0,465,3.0,1.0,1.0,2.0,1,0.0,,2004.0,0.0,1.0,0.0,0.0,0.0,0.0,0,1.0,Americas
466_GUAM GUUAM Organization for Democracy and Economic Development_2002,,1.0,3.0,466,4.0,0.0,2.0,2.0,0,0.0,,2002.0,0.0,0.0,1.0,1.0,1.0,0.0,7,1.0,Intercontinental
467_Guatemala Mexico_1984,1.0,1.0,3.0,467,2.0,0.0,1.0,1.0,0,0.0,,1984.0,0.0,1.0,0.0,0.0,0.0,0.0,1,1.0,Americas
468_Guatemala Mexico_1999,1.0,1.0,3.0,468,2.0,0.0,1.0,1.0,1,0.0,,1999.0,0.0,1.0,0.0,0.0,0.0,0.0,8,1.0,Americas
469_Guatemala Panama_1974,1.0,1.0,3.0,469,2.0,0.0,1.0,1.0,0,0.0,,1974.0,0.0,1.0,0.0,0.0,0.0,0.0,0,1.0,Americas
47_Argentina Uruguay_2003,1.0,2.0,3.0,47,2.0,0.0,1.0,1.0,0,0.0,,2003.0,0.0,1.0,0.0,0.0,0.0,0.0,0,1.0,Americas
470_Guatemala Taiwan_2005,2.0,1.0,3.0,470,2.0,0.0,2.0,1.0,1,0.0,,2005.0,0.0,1.0,1.0,0.0,1.0,0.0,46,4.0,Intercontinental
471_Guatemala Venezuela_1985,1.0,1.0,3.0,471,2.0,0.0,1.0,1.0,0,0.0,,1985.0,0.0,1.0,0.0,0.0,0.0,0.0,1,1.0,Americas
473_Gulf Cooperation Council (GCC)_1981,1.0,1.0,3.0,473,6.0,0.0,3.0,2.0,0,1.0,3,1981.0,0.0,0.0,1.0,0.0,0.0,0.0,0,1.0,Asia
474_Gulf Cooperation Council (GCC)_2001,3.0,1.0,3.0,474,6.0,0.0,3.0,2.0,0,1.0,3,2001.0,0.0,0.0,1.0,0.0,0.0,0.0,7,1.0,Asia
475_Gulf Cooperation Council (GCC) Singapore_2008,,1.0,3.0,475,7.0,0.0,2.0,3.0,1,0.0,,2008.0,0.0,1.0,0.0,0.0,0.0,0.0,14,1.0,Asia
476_Guyana Venezuela_1990,1.0,1.0,3.0,476,2.0,0.0,1.0,1.0,0,0.0,,1990.0,0.0,1.0,0.0,0.0,0.0,0.0,2,1.0,Americas
477_Honduras Mexico_1984,1.0,1.0,3.0,477,2.0,0.0,1.0,1.0,0,0.0,,1984.0,0.0,1.0,0.0,0.0,0.0,0.0,1,1.0,Americas
478_Honduras Panama_1973,1.0,1.0,3.0,478,2.0,0.0,1.0,1.0,0,0.0,,1973.0,0.0,1.0,0.0,0.0,0.0,0.0,0,1.0,Americas
48_Argentina Venezuela_1986,,2.0,3.0,48,2.0,0.0,1.0,1.0,0,0.0,,1986.0,0.0,1.0,0.0,0.0,0.0,0.0,1,1.0,Americas
480_Honduras Venezuela_1986,1.0,1.0,3.0,480,2.0,0.0,1.0,1.0,0,0.0,,1986.0,0.0,1.0,0.0,0.0,0.0,0.0,1,1.0,Americas
481_Hungary Israel_1997,2.0,1.0,3.0,481,2.0,0.0,2.0,1.0,1,1.0,2,1997.0,0.0,0.0,1.0,1.0,1.0,0.0,4,1.0,Intercontinental
482_Hungary Latvia_1999,2.0,1.0,3.0,482,2.0,0.0,2.0,1.0,0,1.0,2,1999.0,0.0,0.0,0.0,1.0,0.0,0.0,8,1.0,Europe
483_Hungary Lithuania_1998,2.0,1.0,3.0,483,2.0,0.0,2.0,1.0,0,1.0,2,1998.0,0.0,0.0,0.0,1.0,0.0,0.0,7,1.0,Europe
487_Hungary Slovenia_1994,2.0,1.0,3.0,487,2.0,0.0,2.0,1.0,0,1.0,2,1994.0,0.0,0.0,0.0,1.0,0.0,0.0,5,1.0,Europe
488_Hungary Turkey_1997,2.0,1.0,3.0,488,2.0,0.0,2.0,1.0,0,1.0,2,1997.0,0.0,0.0,1.0,1.0,1.0,0.0,1,1.0,Intercontinental
489_India Korea_2009,,1.0,3.0,489,2.0,0.0,2.0,1.0,1,1.0,2,2009.0,0.0,0.0,1.0,0.0,0.0,0.0,41,2.0,Asia
49_Argentina Venezuela_1992,,2.0,3.0,49,2.0,0.0,1.0,1.0,0,0.0,,1992.0,0.0,1.0,0.0,0.0,0.0,0.0,1,1.0,Americas
490_India MERCOSUR_2004,1.0,1.0,3.0,490,5.0,0.0,1.0,3.0,0,1.0,1,2004.0,0.0,1.0,1.0,0.0,1.0,0.0,5,1.0,Intercontinental
491_India Nepal_1991,1.0,1.0,3.0,491,2.0,0.0,1.0,1.0,0,0.0,,1991.0,0.0,0.0,1.0,0.0,0.0,0.0,2,1.0,Asia
492_India Nepal_2009,,1.0,3.0,492,2.0,0.0,1.0,1.0,0,1.0,1,2009.0,0.0,0.0,1.0,0.0,0.0,0.0,1,1.0,Asia
493_India Singapore_2005,1.0,1.0,3.0,493,2.0,0.0,2.0,1.0,1,1.0,2,2005.0,0.0,0.0,1.0,0.0,0.0,0.0,24,2.0,Asia
494_India Sri Lanka_1998,2.0,1.0,3.0,494,2.0,0.0,2.0,1.0,0,1.0,2,1998.0,0.0,0.0,1.0,0.0,0.0,0.0,1,1.0,Asia
495_Indonesia Japan_2007,,1.0,2.0,495,2.0,0.0,2.0,1.0,0,1.0,2,2007.0,0.0,0.0,1.0,0.0,0.0,0.0,28,2.0,Asia
496_Inter-Arab Trade Agreement_1981,,1.0,3.0,496,21.0,0.0,1.0,2.0,0,0.0,,1981.0,1.0,0.0,1.0,0.0,1.0,0.0,0,1.0,Intercontinental
497_Iran Pakistan_2004,,1.0,3.0,497,2.0,0.0,1.0,1.0,0,0.0,,2004.0,0.0,0.0,1.0,0.0,0.0,0.0,4,1.0,Asia
498_Iran Syria_2006,,1.0,3.0,498,2.0,0.0,1.0,1.0,0,0.0,,2006.0,0.0,0.0,1.0,0.0,0.0,0.0,2,1.0,Asia
5_Albania Bosnia and Herzegovina_2003,2.0,1.0,3.0,5,2.0,0.0,2.0,1.0,0,1.0,2,2003.0,0.0,0.0,0.0,1.0,0.0,0.0,7,1.0,Europe
500_Iraq Jordan_1953,,1.0,3.0,500,2.0,0.0,1.0,1.0,0,0.0,,1953.0,0.0,0.0,1.0,0.0,0.0,0.0,0,1.0,Asia
504_Iraq UAE_1977,,1.0,3.0,504,2.0,0.0,2.0,1.0,0,0.0,,1977.0,0.0,0.0,1.0,0.0,0.0,0.0,0,1.0,Asia
505_Ireland UK Free Trade Area_1965,2.0,1.0,1.0,505,2.0,0.0,2.0,1.0,0,1.0,2,1965.0,0.0,0.0,0.0,1.0,0.0,0.0,1,1.0,Europe
506_Israel Jordan_1995,,1.0,3.0,506,2.0,0.0,1.0,1.0,1,0.0,,1995.0,0.0,0.0,1.0,0.0,0.0,0.0,2,1.0,Asia
508_Israel Mercosur_2007,,1.0,3.0,508,5.0,0.0,2.0,3.0,1,0.0,,2007.0,0.0,1.0,1.0,0.0,1.0,0.0,8,1.0,Intercontinental
509_Israel Mexico_2000,2.0,1.0,3.0,509,2.0,0.0,2.0,1.0,1,1.0,2,2000.0,0.0,1.0,1.0,0.0,1.0,0.0,11,1.0,Intercontinental
51_Armenia Estonia_2002,,1.0,3.0,51,2.0,0.0,1.0,1.0,0,0.0,,2002.0,0.0,0.0,1.0,1.0,1.0,0.0,4,1.0,Intercontinental
510_Israel PLO_1994,3.0,1.0,3.0,510,2.0,0.0,3.0,1.0,1,0.0,,1994.0,0.0,0.0,1.0,0.0,0.0,0.0,36,2.0,Asia
511_Israel Poland_1997,2.0,1.0,3.0,511,2.0,0.0,2.0,1.0,1,1.0,2,1997.0,0.0,0.0,1.0,1.0,1.0,0.0,6,1.0,Intercontinental
512_Israel Romania_2001,2.0,1.0,3.0,512,2.0,0.0,2.0,1.0,1,1.0,2,2001.0,0.0,0.0,1.0,1.0,1.0,0.0,6,1.0,Intercontinental
513_Israel Slovakia_1996,2.0,1.0,3.0,513,2.0,0.0,2.0,1.0,1,1.0,2,1996.0,0.0,0.0,1.0,1.0,1.0,0.0,4,1.0,Intercontinental
514_Israel Slovenia_1998,2.0,1.0,3.0,514,2.0,0.0,2.0,1.0,1,1.0,2,1998.0,0.0,0.0,1.0,1.0,1.0,0.0,6,1.0,Intercontinental
515_Israel Turkey_1996,2.0,1.0,3.0,515,2.0,0.0,2.0,1.0,1,1.0,2,1996.0,0.0,0.0,1.0,0.0,0.0,0.0,6,1.0,Asia
516_Israel US_1985,2.0,1.0,2.0,516,2.0,0.0,2.0,1.0,2,1.0,2,1985.0,0.0,1.0,1.0,0.0,1.0,0.0,3,1.0,Intercontinental
517_Japan Malaysia_2005,2.0,1.0,2.0,517,2.0,0.0,2.0,1.0,0,1.0,2,2005.0,0.0,0.0,1.0,0.0,0.0,0.0,35,2.0,Asia
518_Japan Mexico_2004,2.0,1.0,2.0,518,2.0,0.0,2.0,1.0,1,1.0,2,2004.0,0.0,1.0,1.0,0.0,1.0,0.0,29,2.0,Intercontinental
519_Japan Philippines_2006,,1.0,2.0,519,2.0,0.0,2.0,1.0,0,1.0,2,2006.0,0.0,0.0,1.0,0.0,0.0,0.0,26,2.0,Asia
52_Armenia Georgia_1995,2.0,1.0,3.0,52,2.0,0.0,2.0,1.0,0,1.0,2,1995.0,0.0,0.0,1.0,0.0,0.0,0.0,2,1.0,Asia
520_Japan Singapore_2002,2.0,1.0,2.0,520,2.0,0.0,2.0,1.0,0,1.0,2,2002.0,0.0,0.0,1.0,0.0,0.0,0.0,16,1.0,Asia
521_Japan Switzerland_2009,,1.0,1.0,521,2.0,0.0,2.0,1.0,0,1.0,2,2009.0,0.0,0.0,1.0,1.0,1.0,0.0,29,3.0,Intercontinental
522_Japan Thailand_2007,,1.0,2.0,522,2.0,0.0,2.0,1.0,0,1.0,2,2007.0,0.0,0.0,1.0,0.0,0.0,0.0,42,2.0,Asia
523_Japan Vietnam_2008,,1.0,2.0,523,2.0,0.0,2.0,1.0,1,1.0,2,2008.0,0.0,0.0,1.0,0.0,0.0,0.0,23,2.0,Asia
524_Jordan Kuwait_2001,2.0,4.0,3.0,524,2.0,0.0,2.0,1.0,1,0.0,,2001.0,0.0,0.0,1.0,0.0,0.0,0.0,0,1.0,Asia
525_Jordan Kuwait _1986,,1.0,3.0,525,2.0,0.0,2.0,1.0,0,0.0,,1986.0,0.0,0.0,1.0,0.0,0.0,0.0,0,1.0,Asia
526_Jordan Lebanon_1992,2.0,1.0,3.0,526,2.0,0.0,2.0,1.0,0,0.0,,1992.0,0.0,0.0,1.0,0.0,0.0,0.0,0,1.0,Asia
527_Jordan Lebanon_2002,,1.0,3.0,527,2.0,0.0,2.0,1.0,1,0.0,,2002.0,0.0,0.0,1.0,0.0,0.0,0.0,2,1.0,Asia
528_Jordan Libya_1992,,1.0,3.0,528,2.0,0.0,2.0,1.0,0,0.0,,1992.0,1.0,0.0,1.0,0.0,1.0,0.0,0,1.0,Intercontinental
529_Jordan Morocco_1994,,1.0,3.0,529,2.0,0.0,1.0,1.0,0,0.0,,1994.0,1.0,0.0,1.0,0.0,1.0,0.0,1,1.0,Intercontinental
53_Armenia Iran_1995,,1.0,3.0,53,2.0,0.0,1.0,1.0,0,0.0,,1995.0,0.0,0.0,1.0,0.0,0.0,0.0,1,1.0,Asia
530_Jordan Morocco_1998,2.0,1.0,3.0,530,2.0,0.0,2.0,1.0,0,0.0,,1998.0,1.0,0.0,0.0,0.0,0.0,0.0,1,1.0,Africa
531_Jordan PLO_1995,2.0,1.0,3.0,531,2.0,0.0,2.0,1.0,0,0.0,,1995.0,0.0,0.0,1.0,0.0,0.0,0.0,0,1.0,Asia
532_Jordan Qatar_1980,,1.0,3.0,532,2.0,0.0,1.0,1.0,0,0.0,,1980.0,0.0,0.0,1.0,0.0,0.0,0.0,0,1.0,Asia
533_Jordan Saudi Arabia_1962,,1.0,3.0,533,2.0,0.0,1.0,1.0,0,0.0,,1962.0,0.0,0.0,1.0,0.0,0.0,0.0,0,1.0,Asia
534_Jordan Singapore_2004,2.0,1.0,3.0,534,2.0,0.0,2.0,1.0,1,1.0,2,2004.0,0.0,0.0,1.0,0.0,0.0,0.0,10,1.0,Asia
535_Jordan Sudan_2003,2.0,4.0,3.0,535,2.0,0.0,2.0,1.0,1,0.0,,2003.0,1.0,0.0,1.0,0.0,1.0,0.0,0,1.0,Intercontinental
536_Jordan Sudan_1966,,1.0,3.0,536,2.0,0.0,1.0,1.0,0,0.0,,1966.0,1.0,0.0,1.0,0.0,1.0,0.0,0,1.0,Intercontinental
537_Jordan Syria_2001,2.0,1.0,3.0,537,2.0,0.0,2.0,1.0,1,0.0,,2001.0,0.0,0.0,1.0,0.0,0.0,0.0,2,1.0,Asia
538_Jordan Syria_1965,,1.0,3.0,538,2.0,0.0,1.0,1.0,0,0.0,,1965.0,0.0,0.0,1.0,0.0,0.0,0.0,0,1.0,Asia
539_Jordan Syria_1975,,1.0,3.0,539,2.0,0.0,1.0,1.0,0,0.0,,1975.0,0.0,0.0,1.0,0.0,0.0,0.0,0,1.0,Asia
54_Armenia Kazakhstan_1999,2.0,1.0,3.0,54,2.0,0.0,2.0,1.0,0,1.0,2,1999.0,0.0,0.0,1.0,0.0,0.0,0.0,6,1.0,Asia
540_Jordan Tunisia_1998,2.0,1.0,3.0,540,2.0,0.0,2.0,1.0,0,0.0,,1998.0,1.0,0.0,0.0,0.0,0.0,0.0,2,1.0,Africa
541_Jordan Turkey_2009,,1.0,3.0,541,2.0,0.0,2.0,1.0,1,1.0,,2009.0,1.0,0.0,1.0,0.0,1.0,0.0,6,1.0,Intercontinental
542_Jordan UAE_2000,2.0,1.0,3.0,542,2.0,0.0,2.0,1.0,1,0.0,,2000.0,0.0,0.0,1.0,0.0,0.0,0.0,1,1.0,Asia
543_Jordan US_2000,2.0,1.0,2.0,543,2.0,0.0,2.0,1.0,2,1.0,2,2000.0,0.0,1.0,1.0,0.0,1.0,0.0,32,3.0,Intercontinental
544_Kazakhstan Kyrgyzstan_1995,2.0,1.0,3.0,544,2.0,0.0,2.0,1.0,0,1.0,2,1995.0,0.0,0.0,1.0,0.0,0.0,0.0,3,1.0,Asia
548_Kazakhstan Ukraine_1994,2.0,1.0,3.0,548,2.0,0.0,2.0,1.0,0,1.0,2,1994.0,0.0,0.0,1.0,1.0,1.0,0.0,5,1.0,Intercontinental
55_Armenia Kyrgyzstan_1994,2.0,1.0,3.0,55,2.0,0.0,2.0,1.0,0,1.0,2,1994.0,0.0,0.0,1.0,0.0,0.0,0.0,3,1.0,Asia
550_Korea Singapore_2005,2.0,1.0,3.0,550,2.0,0.0,2.0,1.0,1,1.0,2,2005.0,0.0,0.0,1.0,0.0,0.0,0.0,24,2.0,Asia
551_Korea US_2007,,1.0,2.0,551,2.0,0.0,2.0,1.0,2,1.0,,2007.0,0.0,1.0,1.0,0.0,1.0,0.0,91,5.0,Intercontinental
554_Kuwait UAE_1972,,1.0,3.0,554,2.0,0.0,5.0,1.0,0,0.0,,1972.0,0.0,0.0,1.0,0.0,0.0,0.0,0,1.0,Asia
555_Kyrgyzstan Moldova_1995,2.0,1.0,3.0,555,2.0,0.0,2.0,1.0,0,1.0,2,1995.0,0.0,0.0,1.0,1.0,1.0,0.0,2,1.0,Intercontinental
556_Kyrgyzstan Russia_1992,2.0,1.0,3.0,556,2.0,0.0,2.0,1.0,0,1.0,2,1992.0,0.0,0.0,1.0,1.0,1.0,0.0,4,1.0,Intercontinental
558_Kyrgyzstan Ukraine_1995,2.0,1.0,3.0,558,2.0,0.0,2.0,1.0,0,1.0,2,1995.0,0.0,0.0,1.0,1.0,1.0,0.0,3,1.0,Intercontinental
559_Kyrgyzstan Uzbekistan_1996,2.0,1.0,3.0,559,2.0,0.0,2.0,1.0,0,1.0,2,1996.0,0.0,0.0,1.0,0.0,0.0,0.0,6,1.0,Asia
56_Armenia Moldova_1993,2.0,1.0,3.0,56,2.0,0.0,2.0,1.0,0,1.0,2,1993.0,0.0,0.0,1.0,1.0,1.0,0.0,5,1.0,Intercontinental
560_Laos Thailand_1991,1.0,1.0,3.0,560,2.0,0.0,1.0,1.0,0,1.0,1,1991.0,0.0,0.0,1.0,0.0,0.0,0.0,0,1.0,Asia
561_Latin American Free Trade Area (LAFTA)_1960,1.0,1.0,3.0,561,7.0,0.0,1.0,2.0,0,1.0,2,1960.0,0.0,1.0,0.0,0.0,0.0,0.0,2,1.0,Americas
562_Latin American Integration Association (ALADI LAIA)_1980,1.0,1.0,3.0,562,11.0,0.0,1.0,2.0,0,1.0,1,1980.0,0.0,1.0,0.0,0.0,0.0,0.0,2,1.0,Americas
562+1_Latin American Integration Association Cuba accession_1998,4.0,1.0,3.0,562+1,12.0,0.0,1.0,5.0,1,0.0,,1998.0,0.0,1.0,0.0,0.0,0.0,0.0,0,1.0,
564_Latvia Norway_1992,2.0,1.0,2.0,564,2.0,0.0,2.0,1.0,0,1.0,2,1992.0,0.0,0.0,0.0,1.0,0.0,0.0,4,1.0,Europe
565_Latvia Poland_1997,2.0,1.0,3.0,565,2.0,0.0,2.0,1.0,0,1.0,2,1997.0,0.0,0.0,0.0,1.0,0.0,0.0,5,1.0,Europe
566_Latvia Slovakia_1996,2.0,1.0,3.0,566,2.0,0.0,2.0,1.0,0,1.0,2,1996.0,0.0,0.0,0.0,1.0,0.0,0.0,5,1.0,Europe
567_Latvia Slovenia_1996,2.0,1.0,3.0,567,2.0,0.0,2.0,1.0,0,1.0,2,1996.0,0.0,0.0,0.0,1.0,0.0,0.0,4,1.0,Europe
568_Latvia Sweden_1992,2.0,1.0,2.0,568,2.0,0.0,2.0,1.0,0,1.0,2,1992.0,0.0,0.0,0.0,1.0,0.0,0.0,4,1.0,Europe
569_Latvia Switzerland_1992,2.0,1.0,2.0,569,2.0,0.0,2.0,1.0,0,1.0,2,1992.0,0.0,0.0,0.0,1.0,0.0,0.0,4,1.0,Europe
57_Armenia Russia_1992,2.0,1.0,3.0,57,2.0,0.0,2.0,1.0,0,1.0,2,1992.0,0.0,0.0,1.0,1.0,1.0,0.0,3,1.0,Intercontinental
570_Latvia Turkey_1998,2.0,1.0,3.0,570,2.0,0.0,2.0,1.0,0,1.0,2,1998.0,0.0,0.0,1.0,1.0,1.0,0.0,3,1.0,Intercontinental
574_Libya Morocco_1990,,4.0,3.0,574,2.0,0.0,3.0,1.0,0,0.0,,1990.0,1.0,0.0,0.0,0.0,0.0,0.0,0,1.0,Africa
576_Lithuania Norway_1992,2.0,1.0,2.0,576,2.0,0.0,2.0,1.0,0,1.0,2,1992.0,0.0,0.0,0.0,1.0,0.0,0.0,6,1.0,Europe
577_Lithuania Poland_1996,2.0,1.0,3.0,577,2.0,0.0,2.0,1.0,0,1.0,2,1996.0,0.0,0.0,0.0,1.0,0.0,0.0,5,1.0,Europe
578_Lithuania Slovakia_1996,2.0,1.0,3.0,578,2.0,0.0,2.0,1.0,0,1.0,2,1996.0,0.0,0.0,0.0,1.0,0.0,0.0,4,1.0,Europe
579_Lithuania Slovenia_1996,2.0,1.0,3.0,579,2.0,0.0,2.0,1.0,0,1.0,2,1996.0,0.0,0.0,0.0,1.0,0.0,0.0,6,1.0,Europe
580_Lithuania Sweden_1991,2.0,1.0,2.0,580,2.0,0.0,2.0,1.0,0,1.0,2,1991.0,0.0,0.0,0.0,1.0,0.0,0.0,1,1.0,Europe
581_Lithuania Switzerland_1992,2.0,6.0,2.0,581,2.0,0.0,2.0,1.0,0,1.0,2,1992.0,0.0,0.0,0.0,1.0,0.0,0.0,4,1.0,Europe
582_Lithuania Turkey_1997,2.0,1.0,3.0,582,2.0,0.0,2.0,1.0,0,1.0,2,1997.0,0.0,0.0,1.0,1.0,1.0,0.0,2,1.0,Intercontinental
584_Lom I_1975,1.0,1.0,2.0,584,55.0,0.0,1.0,4.0,0,1.0,2,1975.0,1.0,1.0,0.0,1.0,1.0,1.0,3,1.0,Intercontinental
585_Lom II_1979,1.0,1.0,2.0,585,67.0,0.0,1.0,4.0,0,1.0,2,1979.0,1.0,1.0,0.0,1.0,1.0,1.0,22,2.0,Intercontinental
586_Lom III_1984,1.0,1.0,2.0,586,75.0,0.0,1.0,4.0,0,1.0,2,1984.0,1.0,1.0,0.0,1.0,1.0,1.0,36,3.0,Intercontinental
587_Lom IV_1989,1.0,1.0,2.0,587,80.0,0.0,1.0,4.0,0,0.0,,1989.0,1.0,1.0,0.0,1.0,1.0,1.0,67,5.0,Intercontinental
589_Macedonia Moldova_2004,2.0,1.0,3.0,589,2.0,0.0,2.0,1.0,0,1.0,2,2004.0,0.0,0.0,0.0,1.0,0.0,0.0,6,1.0,Europe
59_Armenia Turkmenistan_1995,2.0,1.0,3.0,59,2.0,0.0,2.0,1.0,0,1.0,2,1995.0,0.0,0.0,1.0,0.0,0.0,0.0,2,1.0,Asia
590_Macedonia Romania_2003,2.0,1.0,3.0,590,2.0,0.0,2.0,1.0,0,1.0,2,2003.0,0.0,0.0,0.0,1.0,0.0,0.0,10,1.0,Europe
592_Macedonia Slovenia_1996,2.0,1.0,3.0,592,2.0,0.0,2.0,1.0,0,1.0,2,1996.0,0.0,0.0,0.0,1.0,0.0,0.0,6,1.0,Europe
593_Macedonia Turkey_1999,2.0,1.0,3.0,593,2.0,0.0,2.0,1.0,0,1.0,2,1999.0,0.0,0.0,1.0,1.0,1.0,0.0,3,1.0,Intercontinental
594_Macedonia Ukraine_2001,2.0,1.0,3.0,594,2.0,0.0,2.0,1.0,0,1.0,2,2001.0,0.0,0.0,0.0,1.0,0.0,0.0,6,1.0,Europe
595_Malawi Mozambique_2005,1.0,1.0,3.0,595,2.0,0.0,1.0,1.0,0,0.0,,2005.0,1.0,0.0,0.0,0.0,0.0,0.0,7,1.0,Africa
598_Malaysia New Zealand_2009,,1.0,2.0,598,2.0,0.0,2.0,1.0,0,1.0,,2009.0,0.0,0.0,1.0,0.0,0.0,0.0,62,4.0,Asia
599_Malaysia Pakistan_2007,,1.0,3.0,599,2.0,0.0,2.0,1.0,0,1.0,2,2007.0,0.0,0.0,1.0,0.0,0.0,0.0,19,3.0,Asia
6_Albania Bulgaria_2003,2.0,1.0,3.0,6,2.0,0.0,2.0,1.0,0,1.0,2,2003.0,0.0,0.0,0.0,1.0,0.0,0.0,7,1.0,Europe
60_Armenia Ukraine_1994,2.0,1.0,3.0,60,2.0,0.0,2.0,1.0,0,1.0,2,1994.0,0.0,0.0,1.0,1.0,1.0,0.0,4,1.0,Intercontinental
600_Mano River Union_1973,3.0,1.0,3.0,600,2.0,0.0,3.0,1.0,0,0.0,,1973.0,1.0,0.0,0.0,0.0,0.0,0.0,0,1.0,Africa
601_Mauritania Morocco_1986,,4.0,3.0,601,2.0,0.0,1.0,1.0,0,0.0,,1986.0,1.0,0.0,0.0,0.0,0.0,0.0,0,1.0,Africa
602_Mauritius Pakistan_2007,,1.0,3.0,602,2.0,0.0,1.0,1.0,0,0.0,,2007.0,1.0,0.0,1.0,0.0,1.0,0.0,5,1.0,Intercontinental
603_Melanesian Spearhead Group (MSG )_1993,1.0,1.0,3.0,603,3.0,0.0,1.0,2.0,0,1.0,1,1993.0,0.0,0.0,0.0,0.0,0.0,1.0,2,1.0,Oceania
604_MERCOSUR_1991,3.0,2.0,3.0,604,4.0,0.0,3.0,2.0,0,1.0,3,1991.0,0.0,1.0,0.0,0.0,0.0,0.0,3,1.0,Americas
605_MERCOSUR Mexico Auto Agreement_2002,5.0,2.0,3.0,605,5.0,1.0,1.0,3.0,1,0.0,,2002.0,0.0,1.0,0.0,0.0,0.0,0.0,2,1.0,Americas
606_MERCOSUR Peru_2005,1.0,2.0,3.0,606,5.0,0.0,1.0,3.0,0,0.0,,2005.0,0.0,1.0,0.0,0.0,0.0,0.0,10,1.0,Americas
607_MERCOSUR services_1997,,2.0,3.0,607,4.0,0.0,4.0,2.0,0,1.0,,1997.0,0.0,1.0,0.0,0.0,0.0,0.0,1,1.0,Americas
608_MERCOSUR Southern African Customs Union (SACU)_2004,,1.0,3.0,608,9.0,0.0,2.0,4.0,0,0.0,,2004.0,1.0,1.0,0.0,0.0,1.0,0.0,5,1.0,Intercontinental
61_Arusha Agreement II_1969,1.0,1.0,3.0,61,9.0,0.0,1.0,4.0,0,1.0,2,1969.0,1.0,0.0,0.0,1.0,1.0,0.0,2,1.0,Intercontinental
610_Mexico Nicaragua_1985,1.0,2.0,3.0,610,2.0,0.0,1.0,1.0,0,0.0,,1985.0,0.0,1.0,0.0,0.0,0.0,0.0,1,1.0,Americas
611_Mexico Nicaragua_1997,2.0,2.0,3.0,611,2.0,0.0,2.0,1.0,1,1.0,2,1997.0,0.0,1.0,0.0,0.0,0.0,0.0,37,2.0,Americas
612_Mexico_Northern_Triangle_2000,2.0,2.0,3.0,612,4.0,0.0,2.0,3.0,1,1.0,2,2000.0,0.0,1.0,0.0,0.0,0.0,0.0,46,4.0,Americas
613_Mexico Panama_1985,1.0,2.0,3.0,613,2.0,0.0,1.0,1.0,0,0.0,,1985.0,0.0,1.0,0.0,0.0,0.0,0.0,1,1.0,Americas
615_Mexico Uruguay_1986,1.0,1.0,3.0,615,2.0,0.0,1.0,1.0,0,0.0,,1986.0,0.0,1.0,0.0,0.0,0.0,0.0,1,1.0,Americas
616_Mexico Uruguay_2003,2.0,1.0,3.0,616,2.0,0.0,2.0,1.0,1,0.0,,2003.0,0.0,1.0,0.0,0.0,0.0,0.0,22,2.0,Americas
617_Moldova Romania_1994,2.0,1.0,3.0,617,2.0,0.0,2.0,1.0,0,1.0,2,1994.0,0.0,0.0,0.0,1.0,0.0,0.0,4,1.0,Europe
619_Moldova Serbia_2003,2.0,1.0,3.0,619,2.0,0.0,2.0,1.0,0,1.0,2,2003.0,0.0,0.0,0.0,1.0,0.0,0.0,6,1.0,Europe
62_Asia Pacific Trade Agreement (Bangkok Agreement amended)_2005,,1.0,3.0,62,6.0,0.0,1.0,2.0,0,0.0,,2005.0,0.0,0.0,1.0,0.0,0.0,0.0,1,1.0,Asia
621_Moldova Ukraine_2003,,1.0,3.0,621,2.0,0.0,2.0,1.0,0,1.0,2,2003.0,0.0,0.0,0.0,1.0,0.0,0.0,6,1.0,Europe
624_Montenegro Turkey_2008,,1.0,3.0,624,2.0,0.0,2.0,1.0,0,1.0,2,2008.0,0.0,0.0,1.0,1.0,1.0,0.0,6,1.0,Intercontinental
625_Morocco Tunisia_1999,2.0,3.0,3.0,625,2.0,0.0,2.0,1.0,0,0.0,,1999.0,1.0,0.0,0.0,0.0,0.0,0.0,1,1.0,Africa
626_Morocco Turkey_2004,2.0,1.0,3.0,626,2.0,0.0,2.0,1.0,1,1.0,2,2004.0,1.0,0.0,1.0,0.0,1.0,0.0,5,1.0,Intercontinental
627_Morocco UAE_2001,2.0,3.0,3.0,627,2.0,0.0,2.0,1.0,0,0.0,,2001.0,1.0,0.0,1.0,0.0,1.0,0.0,1,1.0,Intercontinental
628_Morocco US_2004,2.0,1.0,2.0,628,2.0,0.0,2.0,1.0,2,1.0,2,2004.0,1.0,1.0,0.0,0.0,1.0,0.0,66,5.0,Intercontinental
63_Association of Caribbean States_1994,,1.0,3.0,63,25.0,0.0,5.0,2.0,0,0.0,,1994.0,0.0,1.0,0.0,0.0,0.0,0.0,7,2.0,Americas
630_Namibia Zimbabwe_1992,1.0,1.0,3.0,630,2.0,0.0,1.0,1.0,0,0.0,,1992.0,1.0,0.0,0.0,0.0,0.0,0.0,0,1.0,Africa
631_New Zealand Singapore_2000,2.0,1.0,2.0,631,2.0,0.0,2.0,1.0,0,1.0,2,2000.0,0.0,0.0,1.0,0.0,1.0,1.0,19,1.0,Intercontinental
632_New Zealand Thailand_2005,2.0,1.0,2.0,632,2.0,0.0,2.0,1.0,0,1.0,2,2005.0,0.0,0.0,1.0,0.0,1.0,1.0,58,4.0,Intercontinental
633_Nicaragua Panama_1973,1.0,1.0,3.0,633,2.0,0.0,1.0,1.0,0,0.0,,1973.0,0.0,1.0,0.0,0.0,0.0,0.0,0,1.0,Americas
634_Nicaragua Taiwan_2006,2.0,1.0,3.0,634,2.0,0.0,2.0,1.0,0,1.0,2,2006.0,0.0,1.0,0.0,0.0,0.0,0.0,75,5.0,Intercontinental
635_Nicaragua Venezuela_1986,1.0,1.0,3.0,635,2.0,0.0,1.0,1.0,0,0.0,,1986.0,0.0,1.0,0.0,0.0,0.0,0.0,1,1.0,Americas
636_North American Free Trade Agreement (NAFTA)_1992,2.0,1.0,2.0,636,3.0,0.0,2.0,2.0,2,1.0,2,1992.0,0.0,1.0,0.0,0.0,0.0,0.0,100,6.0,Americas
637_Oman US_2006,2.0,1.0,2.0,637,2.0,0.0,2.0,1.0,2,1.0,2,2006.0,0.0,1.0,1.0,0.0,1.0,0.0,75,5.0,Intercontinental
638_Organisation of Eastern Caribbean States (OECS)_1981,,1.0,3.0,638,7.0,0.0,3.0,2.0,0,0.0,,1981.0,0.0,1.0,0.0,0.0,0.0,0.0,2,1.0,Americas
639_Pacific Island Countries Trade Agreement (PICTA )_2001,2.0,1.0,3.0,639,9.0,0.0,2.0,2.0,0,1.0,2,2001.0,0.0,0.0,0.0,0.0,0.0,1.0,4,1.0,Oceania
64_Association of Southeast Asian Nations (ASEAN) FTA_1992,2.0,1.0,3.0,64,6.0,0.0,2.0,2.0,0,1.0,2,1992.0,0.0,0.0,1.0,0.0,0.0,0.0,4,1.0,Asia
640_Pakistan Sri Lanka_2002,2.0,1.0,3.0,640,2.0,0.0,2.0,1.0,0,1.0,2,2002.0,0.0,0.0,1.0,0.0,0.0,0.0,2,1.0,Asia
641_Panama Singapore_2006,2.0,1.0,3.0,641,2.0,0.0,2.0,1.0,1,1.0,2,2006.0,0.0,1.0,1.0,0.0,1.0,0.0,27,2.0,Intercontinental
642_Panama Taiwan_2003,2.0,1.0,3.0,642,2.0,0.0,2.0,1.0,0,1.0,2,2003.0,0.0,1.0,1.0,0.0,1.0,0.0,38,3.0,Intercontinental
643_Panama US_2007,,1.0,2.0,643,2.0,0.0,2.0,1.0,2,1.0,,2007.0,0.0,1.0,0.0,0.0,0.0,0.0,83,5.0,Americas
644_Peru Singapore_2008,,1.0,3.0,644,2.0,0.0,2.0,1.0,1,1.0,2,2008.0,0.0,1.0,1.0,0.0,1.0,0.0,27,2.0,Intercontinental
645_Peru US_2006,,1.0,2.0,645,2.0,0.0,2.0,1.0,2,1.0,2,2006.0,0.0,1.0,0.0,0.0,0.0,0.0,105,6.0,Americas
646_Poland Turkey_1999,2.0,1.0,3.0,646,2.0,0.0,2.0,1.0,0,1.0,2,1999.0,0.0,0.0,1.0,1.0,1.0,0.0,6,1.0,Intercontinental
647_Protocol on Trade Negotiations (PTN)_1971,,1.0,3.0,647,16.0,0.0,1.0,2.0,0,1.0,1,1971.0,1.0,1.0,1.0,1.0,1.0,0.0,0,1.0,Intercontinental
648_Romania Serbia_2003,2.0,1.0,3.0,648,2.0,0.0,2.0,1.0,0,1.0,2,2003.0,0.0,0.0,0.0,1.0,0.0,0.0,11,1.0,Europe
649_Romania Slovakia_1994,2.0,1.0,3.0,649,2.0,0.0,2.0,1.0,0,1.0,2,1994.0,0.0,0.0,0.0,1.0,0.0,0.0,4,1.0,Europe
65_Association of Southeast Asian Nations (ASEAN) Preferential Trading Arrangements (PTA)_1977,1.0,1.0,3.0,65,5.0,0.0,1.0,2.0,0,0.0,,1977.0,0.0,0.0,1.0,0.0,0.0,0.0,1,1.0,Asia
650_Romania Turkey_1997,2.0,1.0,3.0,650,2.0,0.0,2.0,1.0,0,1.0,2,1997.0,0.0,0.0,1.0,1.0,1.0,0.0,4,1.0,Intercontinental
654_Russia Ukraine_1993,2.0,1.0,3.0,654,2.0,0.0,2.0,1.0,0,1.0,2,1993.0,0.0,0.0,0.0,1.0,0.0,0.0,4,1.0,Europe
656_Saudi Arabia UAE_1978,,1.0,3.0,656,2.0,0.0,2.0,1.0,0,0.0,,1978.0,0.0,0.0,1.0,0.0,0.0,0.0,0,1.0,Asia
657_Serbia Turkey_2009,,1.0,3.0,657,2.0,0.0,2.0,1.0,0,1.0,2,2009.0,0.0,0.0,1.0,1.0,1.0,0.0,6,1.0,Intercontinental
658_Singapore US_2003,2.0,1.0,2.0,658,2.0,0.0,2.0,1.0,2,1.0,2,2003.0,0.0,1.0,1.0,0.0,1.0,0.0,55,5.0,Intercontinental
659_Slovakia Slovenia_1993,2.0,1.0,3.0,659,2.0,0.0,2.0,1.0,0,1.0,2,1993.0,0.0,0.0,0.0,1.0,0.0,0.0,4,1.0,Europe
66_Association of Southeast Asian Nations Australia New Zealand FTA (AANZFTA)_2009,,1.0,2.0,66,12.0,0.0,2.0,4.0,1,1.0,2,2009.0,0.0,0.0,1.0,0.0,1.0,1.0,45,4.0,Intercontinental
660_Slovakia Turkey_1997,2.0,1.0,3.0,660,2.0,0.0,2.0,1.0,0,1.0,2,1997.0,0.0,0.0,1.0,1.0,1.0,0.0,5,1.0,Intercontinental
661_Slovenia Turkey_1998,2.0,1.0,3.0,661,2.0,0.0,2.0,1.0,0,1.0,2,1998.0,0.0,0.0,1.0,1.0,1.0,0.0,5,1.0,Intercontinental
663_South Africa Southern Rhodesia Customs Union_1948,3.0,1.0,3.0,663,2.0,0.0,3.0,1.0,0,1.0,3,1948.0,1.0,0.0,0.0,0.0,0.0,0.0,0,1.0,Africa
664_South Africa Zimbabwe_1964,1.0,1.0,3.0,664,2.0,0.0,1.0,1.0,0,0.0,,1964.0,1.0,0.0,0.0,0.0,0.0,0.0,0,1.0,Africa
"666_South Asian Association for Regional Cooperation, Preferential Trading Arrangement (SAPTA)_1993",1.0,1.0,2.0,666,7.0,0.0,1.0,2.0,0,1.0,1,1993.0,0.0,0.0,1.0,0.0,0.0,0.0,0,1.0,Asia
667_South Asian Free Trade Area (SAFTA)_2004,2.0,1.0,3.0,667,7.0,0.0,2.0,2.0,0,1.0,2,2004.0,0.0,0.0,1.0,0.0,0.0,0.0,2,1.0,Asia
668_South Pacific Trade and Economic Co Operation Agreement (SPARTECA )_1980,1.0,1.0,3.0,668,11.0,0.0,1.0,2.0,0,1.0,1,1980.0,0.0,0.0,0.0,0.0,1.0,1.0,1,1.0,Intercontinental
669_Southern Africa Customs Union (SACU)_1969,3.0,1.0,3.0,669,4.0,0.0,3.0,2.0,0,0.0,,1969.0,1.0,0.0,0.0,0.0,0.0,0.0,2,1.0,Africa
67_Association of Southeast Asian Nations China_2004,2.0,1.0,3.0,67,11.0,0.0,2.0,3.0,1,1.0,2,2004.0,0.0,0.0,1.0,0.0,0.0,0.0,4,1.0,Asia
670_Southern Africa Customs Union (SACU)_2002,,1.0,3.0,670,5.0,0.0,3.0,2.0,0,1.0,3,2002.0,1.0,0.0,0.0,0.0,0.0,0.0,7,1.0,Africa
671_Southern African Development Community (SADC)_1992,,1.0,3.0,671,10.0,0.0,5.0,2.0,0,0.0,,1992.0,1.0,0.0,0.0,0.0,0.0,0.0,2,1.0,Africa
672_Southern African Development Community (SADC)_1996,3.0,1.0,3.0,672,11.0,0.0,2.0,2.0,0,1.0,2,1996.0,1.0,0.0,0.0,0.0,0.0,0.0,5,1.0,Africa
675_Syria Turkey_2004,2.0,1.0,3.0,675,2.0,0.0,2.0,1.0,0,1.0,2,2004.0,0.0,0.0,1.0,0.0,0.0,0.0,7,1.0,Asia
677_Tajikistan Ukraine_2001,,1.0,3.0,677,2.0,0.0,2.0,1.0,0,1.0,2,2001.0,0.0,0.0,1.0,1.0,1.0,0.0,6,1.0,Intercontinental
679_Trans Pacific Strategic EPA_2005,2.0,1.0,2.0,679,4.0,0.0,2.0,2.0,1,1.0,2,2005.0,0.0,1.0,1.0,0.0,1.0,0.0,55,4.0,Intercontinental
68_Association of Southeast Asian Nations China Services_2007,,1.0,3.0,68,11.0,0.0,4.0,3.0,1,1.0,,2007.0,0.0,0.0,1.0,0.0,0.0,0.0,2,1.0,Asia
680_Treaty of Economic Association_1960,3.0,1.0,3.0,680,3.0,0.0,3.0,2.0,0,0.0,,1960.0,0.0,1.0,0.0,0.0,0.0,0.0,1,1.0,Americas
681_Trinidad and Tobago Venezuela_1989,1.0,1.0,3.0,681,2.0,0.0,1.0,1.0,0,0.0,,1989.0,0.0,1.0,0.0,0.0,0.0,0.0,1,1.0,Americas
682_Tripartite Agreement_1967,1.0,1.0,3.0,682,3.0,0.0,1.0,2.0,0,1.0,1,1967.0,1.0,0.0,1.0,1.0,1.0,0.0,0,1.0,Intercontinental
683_Tunisia Turkey_2004,2.0,1.0,3.0,683,2.0,0.0,2.0,1.0,0,1.0,2,2004.0,0.0,0.0,1.0,0.0,0.0,0.0,6,1.0,Asia
684_Turkmenistan Ukraine_1994,2.0,1.0,3.0,684,2.0,0.0,2.0,1.0,0,1.0,2,1994.0,0.0,0.0,1.0,1.0,1.0,0.0,4,1.0,Intercontinental
686_Ukraine Uzbekistan_1994,2.0,1.0,3.0,686,2.0,0.0,2.0,1.0,0,1.0,2,1994.0,0.0,0.0,1.0,1.0,1.0,0.0,7,1.0,Intercontinental
687_United States Vietnam_2000,,1.0,2.0,687,2.0,0.0,1.0,1.0,2,0.0,,2000.0,0.0,1.0,1.0,0.0,1.0,0.0,7,1.0,Intercontinental
688_West African Economic and Monetary Union_1994,3.0,1.0,3.0,688,7.0,0.0,3.0,2.0,0,1.0,3,1994.0,1.0,0.0,0.0,0.0,0.0,0.0,3,1.0,Africa
689_Yaound I_1963,1.0,1.0,2.0,689,24.0,0.0,1.0,4.0,0,1.0,2,1963.0,1.0,0.0,0.0,1.0,1.0,0.0,4,1.0,Intercontinental
69_Association of Southeast Asian Nations Goods_2009,,1.0,3.0,69,10.0,0.0,2.0,2.0,1,0.0,,2009.0,0.0,0.0,1.0,0.0,0.0,0.0,9,1.0,Asia
690_Yaound II_1969,,1.0,2.0,690,24.0,0.0,2.0,4.0,0,1.0,2,1969.0,1.0,0.0,0.0,1.0,1.0,0.0,4,1.0,Intercontinental
693_Andean Community Auto Agreement_1999,,1.0,3.0,693,3.0,1.0,1.0,2.0,0,0.0,,1999.0,0.0,1.0,0.0,0.0,0.0,0.0,4,1.0,Americas
694_Andean Community Sucre Protocol_1997,,1.0,3.0,694,5.0,0.0,3.0,2.0,0,0.0,,1997.0,0.0,1.0,0.0,0.0,0.0,0.0,1,1.0,Americas
697_Argentina Uruguay_1984,,1.0,3.0,697,2.0,1.0,1.0,1.0,0,0.0,,1984.0,0.0,1.0,0.0,0.0,0.0,0.0,1,1.0,Americas
698_Argentina Uruguay CAUCE_1974,,1.0,3.0,698,,,,1.0,0,0.0,,1974.0,,,,,,,4,1.0,Americas
699_Argentina Uruguay_1982,,1.0,3.0,699,,,,1.0,0,0.0,,1982.0,,,,,,,4,1.0,Americas
7_Albania Croatia_2002,2.0,1.0,3.0,7,2.0,0.0,2.0,1.0,0,1.0,2,2002.0,0.0,0.0,0.0,1.0,0.0,0.0,7,1.0,Europe
70_Association of Southeast Asian Nations India_2009,,1.0,3.0,70,11.0,0.0,2.0,3.0,1,1.0,2,2009.0,0.0,0.0,1.0,0.0,0.0,0.0,13,3.0,Asia
700_Arusha Agreement I_1968,,1.0,3.0,700,9.0,0.0,2.0,2.0,0,0.0,,1968.0,1.0,0.0,0.0,1.0,1.0,0.0,1,1.0,Intercontinental
706_Benelux Economic Union_1958,,4.0,1.0,706,3.0,0.0,3.0,2.0,0,0.0,,1958.0,0.0,0.0,0.0,1.0,0.0,0.0,0,1.0,Europe
71_Association of Southeast Asian Nations Japan_2008,,1.0,2.0,71,11.0,0.0,2.0,3.0,1,1.0,2,2008.0,0.0,0.0,1.0,0.0,0.0,0.0,15,3.0,Asia
714_Central American Common Market (CACM) Protocol of Guatemala_1993,,1.0,3.0,714,6.0,0.0,3.0,2.0,0,0.0,,1993.0,0.0,1.0,0.0,0.0,0.0,0.0,9,1.0,Americas
715_Chile Cuba_1999,,1.0,3.0,715,2.0,0.0,1.0,1.0,0,0.0,,1999.0,0.0,1.0,0.0,0.0,0.0,0.0,6,1.0,Americas
716_Chile Peru_2006,,1.0,3.0,716,2.0,0.0,2.0,1.0,1,0.0,,2006.0,0.0,1.0,0.0,0.0,0.0,0.0,19,2.0,Americas
72_Association of Southeast Asian Nations Korea_2006,,1.0,3.0,72,10.0,0.0,2.0,3.0,1,1.0,2,2006.0,0.0,0.0,1.0,0.0,0.0,0.0,13,2.0,Asia
73_Association of Southeast Asian Nations Korea services_2007,,1.0,3.0,73,10.0,0.0,4.0,3.0,1,1.0,,2007.0,0.0,0.0,1.0,0.0,0.0,0.0,4,1.0,Asia
732_Faroe Islands Finland_1992,,1.0,1.0,732,2.0,0.0,2.0,1.0,0,0.0,,1992.0,0.0,0.0,0.0,1.0,0.0,0.0,6,1.0,Europe
74_Australia Canada_1960,1.0,1.0,1.0,74,2.0,0.0,1.0,1.0,0,0.0,,1960.0,0.0,1.0,0.0,0.0,1.0,1.0,0,1.0,Intercontinental
742_Guinea Morocco_1997,,4.0,3.0,742,2.0,0.0,1.0,1.0,0,0.0,,1997.0,1.0,0.0,0.0,0.0,0.0,0.0,1,1.0,Africa
75_Australia Chile_2008,,1.0,2.0,75,2.0,0.0,2.0,1.0,1,1.0,2,2008.0,0.0,1.0,0.0,0.0,1.0,1.0,27,2.0,Intercontinental
756_Jordan Sudan amended_1989,,1.0,3.0,756,2.0,0.0,1.0,1.0,0,0.0,,1989.0,1.0,0.0,1.0,0.0,1.0,0.0,1,1.0,Intercontinental
76_Association of Southeast Asian Nations Services_1995,,1.0,3.0,76,6.0,0.0,4.0,2.0,1,,,1995.0,0.0,0.0,1.0,0.0,0.0,0.0,1,1.0,Asia
764_Malawi Zimbabwe_2006,,1.0,3.0,764,2.0,0.0,2.0,1.0,0,0.0,,2006.0,1.0,0.0,0.0,0.0,0.0,0.0,7,1.0,Africa
767_Mexico Peru_1987,1.0,1.0,3.0,767,2.0,0.0,1.0,1.0,0,1.0,,1987.0,0.0,1.0,0.0,0.0,0.0,0.0,1,1.0,Americas
768_Morocco Saudi Arabia_1966,,3.0,3.0,768,2.0,0.0,,1.0,0,0.0,,1966.0,1.0,0.0,1.0,0.0,1.0,0.0,0,1.0,Intercontinental
769_Morocco Senegal_1963,,1.0,3.0,769,2.0,0.0,1.0,1.0,0,0.0,,1963.0,1.0,0.0,0.0,0.0,0.0,0.0,0,1.0,Africa
77_Australia New Zealand (ANZCERTA)_1983,2.0,1.0,1.0,77,2.0,0.0,2.0,1.0,0,1.0,2,1983.0,0.0,0.0,0.0,0.0,0.0,1.0,2,1.0,Oceania
771_Peru Thailand_2005,,1.0,3.0,771,2.0,0.0,1.0,1.0,0,0.0,,2005.0,0.0,1.0,1.0,0.0,1.0,0.0,3,1.0,Intercontinental
772_PTA for Eastern and Southern African States_1981,,1.0,3.0,772,21.0,0.0,1.0,2.0,0,0.0,,1981.0,1.0,0.0,0.0,0.0,0.0,0.0,3,1.0,Africa
78_Australia New Zealand ANZCERTA services_1988,,1.0,1.0,78,2.0,0.0,4.0,1.0,0,1.0,,1988.0,0.0,0.0,0.0,0.0,0.0,1.0,2,1.0,Oceania
780_West African Economic Community (CEAO)_1973,,1.0,3.0,780,6.0,0.0,3.0,2.0,0,0.0,,1973.0,1.0,0.0,0.0,0.0,0.0,0.0,6,1.0,Africa
781_Paraguay Venezuela_2008,,1.0,3.0,781,2.0,0.0,1.0,1.0,0,0.0,,2008.0,0.0,1.0,0.0,0.0,0.0,0.0,0,1.0,Americas
782_Uruguay Venezuela_2008,,1.0,3.0,782,2.0,0.0,1.0,1.0,0,0.0,,2008.0,0.0,1.0,0.0,0.0,0.0,0.0,1,1.0,Americas
783_Canada Portugal_1954,,1.0,1.0,783,2.0,0.0,1.0,1.0,0,0.0,,1954.0,0.0,1.0,0.0,1.0,1.0,0.0,2,1.0,Intercontinental
784_Canada Spain_1954,,1.0,1.0,784,2.0,0.0,1.0,1.0,0,0.0,,1954.0,0.0,1.0,0.0,1.0,1.0,0.0,0,1.0,Intercontinental
785_Latvia Ukraine Agriculture_1998,,1.0,3.0,785,2.0,1.0,1.0,1.0,0,0.0,,1998.0,0.0,0.0,0.0,1.0,0.0,0.0,0,1.0,Europe
787_East African Community (EAC)_1999,,1.0,3.0,787,3.0,0.0,3.0,2.0,1,1.0,,1999.0,1.0,0.0,0.0,0.0,0.0,0.0,60,3.0,Africa
787+1_EAC Burundi_2007,4.0,1.0,3.0,787+1,5.0,0.0,,6.0,1,1.0,3,2007.0,1.0,0.0,0.0,0.0,0.0,0.0,7,1.0,
788_East Caribbean Common Market_1968,,1.0,3.0,788,7.0,0.0,3.0,2.0,0,0.0,,1968.0,0.0,1.0,0.0,0.0,0.0,0.0,1,1.0,Americas
789_MERCOSUR Southern African Customs Union (SACU)_2008,,1.0,3.0,789,9.0,0.0,1.0,4.0,0,0.0,,2008.0,1.0,1.0,0.0,0.0,1.0,0.0,5,1.0,Intercontinental
79_Australia New Zealand Free Trade Agreement_1965,1.0,1.0,1.0,79,2.0,0.0,2.0,1.0,0,1.0,2,1965.0,0.0,0.0,0.0,0.0,0.0,1.0,2,1.0,Oceania
790_El Salvador Guatemala_1991,,1.0,3.0,790,2.0,0.0,3.0,1.0,0,0.0,,1991.0,0.0,1.0,0.0,0.0,0.0,0.0,0,1.0,Americas
792_Brazil Uruguay_1982,,1.0,3.0,792,2.0,0.0,1.0,1.0,0,0.0,,1982.0,0.0,1.0,0.0,0.0,0.0,0.0,1,1.0,Americas
793_EC Switzerland Bilaterals I_1999,,1.0,1.0,793,16.0,0.0,2.0,3.0,0,0.0,,1999.0,0.0,0.0,0.0,1.0,0.0,0.0,26,2.0,Europe
795_Australia Malaysia_2012,,1.0,2.0,795,2.0,0.0,2.0,1.0,1,1.0,2,2012.0,0.0,0.0,1.0,0.0,1.0,1.0,31,3.0,Intercontinental
797_Canada Honduras_2013,,1.0,2.0,797,2.0,0.0,2.0,1.0,1,,,2013.0,0.0,1.0,0.0,0.0,0.0,0.0,89,5.0,Americas
798_Canada Panama_2010,,1.0,2.0,798,2.0,0.0,2.0,1.0,1,1.0,2,2010.0,0.0,1.0,0.0,0.0,0.0,0.0,93,5.0,Americas
799_Central America EC_2012,,1.0,2.0,799,33.0,0.0,2.0,4.0,1,1.0,2,2012.0,0.0,1.0,0.0,1.0,1.0,0.0,134,6.0,Intercontinental
8_Albania EC SAA_2006,,1.0,2.0,8,28.0,0.0,2.0,3.0,0,0.0,,2006.0,0.0,0.0,0.0,1.0,0.0,0.0,17,2.0,Europe
80_Australia Papua New Guinea_1991,2.0,1.0,2.0,80,2.0,0.0,2.0,1.0,0,0.0,,1991.0,0.0,0.0,0.0,0.0,0.0,1.0,2,1.0,Oceania
800_Chile Malaysia_2010,,1.0,3.0,800,2.0,0.0,2.0,1.0,1,1.0,2,2010.0,0.0,1.0,1.0,0.0,1.0,0.0,36,3.0,Intercontinental
801_Chile Thailand_2013,,1.0,3.0,801,2.0,0.0,2.0,1.0,1,0.0,,2013.0,0.0,1.0,1.0,0.0,1.0,0.0,36,4.0,Intercontinental
803_Chile Vietnam_2011,,1.0,3.0,803,2.0,0.0,2.0,1.0,1,1.0,2,2011.0,0.0,1.0,1.0,0.0,1.0,0.0,16,2.0,Intercontinental
804_China Costa Rica_2010,,1.0,3.0,804,2.0,0.0,2.0,2.0,1,1.0,2,2010.0,0.0,1.0,1.0,0.0,1.0,0.0,50,4.0,Intercontinental
805_Colombia Costa Rica_2013,,2.0,3.0,805,2.0,0.0,2.0,1.0,1,1.0,,2013.0,0.0,1.0,0.0,0.0,0.0,0.0,45,2.0,Americas
806_Colombia Israel_2013,,1.0,3.0,806,2.0,0.0,2.0,1.0,1,,,2013.0,0.0,1.0,0.0,0.0,0.0,0.0,24,2.0,Intercontinental
808_Colombia Korea_2013,,1.0,3.0,808,2.0,0.0,2.0,1.0,1,,,2013.0,0.0,1.0,1.0,0.0,1.0,0.0,84,4.0,Intercontinental
809_Colombia Panama_2013,,1.0,3.0,809,2.0,0.0,2.0,1.0,1,,,2013.0,0.0,1.0,0.0,0.0,0.0,0.0,66,4.0,Americas
81_Australia Papua New Guinea_1976,2.0,1.0,2.0,81,2.0,0.0,2.0,1.0,0,1.0,2,1976.0,0.0,0.0,0.0,0.0,0.0,1.0,2,1.0,Oceania
810_Colombia Peru EC_2012,,1.0,2.0,810,29.0,0.0,2.0,3.0,1,1.0,2,2012.0,0.0,1.0,0.0,1.0,1.0,0.0,100,5.0,Intercontinental
810+1_Colombia Peru EC Ecuador accession_2016,4.0,1.0,2.0,810+1,32.0,0.0,,5.0,1,1.0,2,2016.0,0.0,1.0,0.0,1.0,1.0,0.0,13,1.0,
810+2_Colombia Peru EC Croatia accession_2015,4.0,1.0,2.0,810+2,31.0,0.0,,6.0,1,0.0,,2015.0,0.0,1.0,0.0,1.0,1.0,0.0,3,1.0,
811_Commonwealth of Independent States_2011,,1.0,3.0,811,8.0,0.0,2.0,2.0,0,1.0,2,2011.0,0.0,0.0,1.0,0.0,0.0,0.0,4,1.0,Asia
813_Costa Rica Peru_2011,,1.0,3.0,813,2.0,0.0,2.0,1.0,1,1.0,2,2011.0,0.0,1.0,0.0,0.0,0.0,0.0,34,3.0,Americas
814_Costa Rica Singapore_2010,,1.0,3.0,814,2.0,0.0,2.0,1.0,1,1.0,2,2010.0,0.0,1.0,1.0,0.0,1.0,0.0,39,2.0,Intercontinental
815_EC Korea_2010,,1.0,2.0,815,28.0,0.0,2.0,3.0,1,1.0,2,2010.0,0.0,0.0,1.0,1.0,1.0,0.0,82,5.0,Intercontinental
817_EFTA Hong Kong_2011,,1.0,2.0,817,5.0,0.0,2.0,3.0,0,1.0,2,2011.0,0.0,0.0,1.0,1.0,1.0,0.0,62,4.0,Intercontinental
818_EFTA Montenegro_2011,,1.0,2.0,818,5.0,0.0,2.0,3.0,0,1.0,2,2011.0,0.0,0.0,0.0,1.0,0.0,0.0,44,4.0,Europe
819_EFTA Peru_2010,,1.0,2.0,819,5.0,0.0,2.0,3.0,1,1.0,2,2010.0,0.0,1.0,0.0,1.0,1.0,0.0,31,2.0,Intercontinental
82_Australia Singapore_2003,2.0,1.0,2.0,82,2.0,0.0,2.0,1.0,1,1.0,2,2003.0,0.0,0.0,1.0,0.0,1.0,1.0,13,1.0,Intercontinental
820_EFTA Ukraine_2010,,1.0,2.0,820,5.0,0.0,2.0,3.0,0,1.0,2,2010.0,0.0,0.0,0.0,1.0,0.0,0.0,21,2.0,Europe
821_MERCOSUR Egypt_2010,2.0,1.0,3.0,821,5.0,0.0,,3.0,1,1.0,1,2010.0,1.0,1.0,0.0,0.0,1.0,0.0,9,1.0,Intercontinental
822_Guatemala Panama Protocol_2008,,1.0,3.0,822,2.0,0.0,2.0,1.0,1,1.0,2,2008.0,0.0,1.0,0.0,0.0,0.0,0.0,0,1.0,
823_Guatemala Peru_2011,,1.0,3.0,823,2.0,0.0,2.0,1.0,1,,,2011.0,0.0,1.0,0.0,0.0,0.0,0.0,32,3.0,Americas
824_Honduras Panama_2007,,2.0,3.0,824,2.0,0.0,2.0,1.0,1,1.0,2,2007.0,0.0,1.0,0.0,0.0,0.0,0.0,0,1.0,
825_Hong Kong New Zealand_2010,,1.0,2.0,825,2.0,0.0,2.0,1.0,0,1.0,2,2010.0,0.0,0.0,1.0,0.0,1.0,1.0,57,4.0,Intercontinental
826_India Japan_2011,,1.0,2.0,826,2.0,0.0,2.0,1.0,0,1.0,2,2011.0,0.0,0.0,1.0,0.0,0.0,0.0,47,4.0,Asia
827_India Malaysia_2011,,1.0,3.0,827,2.0,0.0,2.0,1.0,0,1.0,2,2011.0,0.0,0.0,1.0,0.0,0.0,0.0,16,1.0,Asia
829_Japan Peru_2011,,1.0,2.0,829,2.0,0.0,2.0,1.0,1,1.0,2,2011.0,0.0,1.0,1.0,0.0,1.0,0.0,38,4.0,Intercontinental
83_Australia Thailand_2004,2.0,1.0,2.0,83,2.0,0.0,2.0,1.0,1,1.0,2,2004.0,0.0,0.0,1.0,0.0,1.0,1.0,13,1.0,Intercontinental
830_Korea Peru_2011,,1.0,3.0,830,2.0,0.0,2.0,1.0,1,1.0,2,2011.0,0.0,1.0,1.0,0.0,1.0,0.0,84,5.0,Intercontinental
831_Korea Turkey_2012,,1.0,3.0,831,2.0,0.0,2.0,1.0,1,1.0,2,2012.0,0.0,0.0,1.0,0.0,0.0,0.0,52,3.0,Asia
832_Mauritius Turkey_2011,,1.0,3.0,832,2.0,0.0,2.0,1.0,0,1.0,2,2011.0,0.0,1.0,1.0,0.0,1.0,0.0,6,1.0,Intercontinental
833_Montenegro Ukraine_2011,,1.0,3.0,833,2.0,0.0,2.0,1.0,0,1.0,2,2011.0,0.0,0.0,0.0,1.0,0.0,0.0,7,1.0,Europe
834_New Zealand Taiwan_2013,,1.0,2.0,834,2.0,,2.0,1.0,0,1.0,,2013.0,0.0,0.0,1.0,0.0,1.0,1.0,71,4.0,Intercontinental
835_Nicaragua Panama Protocol_2009,,1.0,3.0,835,2.0,0.0,2.0,1.0,1,1.0,2,2009.0,0.0,1.0,0.0,0.0,0.0,0.0,2,1.0,
836_Pacific Alliance_2013,,2.0,3.0,836,4.0,0.0,2.0,2.0,1,,,2012.0,0.0,1.0,0.0,0.0,0.0,0.0,0,1.0,Americas
837_Panama Peru_2011,,1.0,3.0,837,2.0,0.0,2.0,1.0,1,1.0,2,2011.0,0.0,1.0,0.0,0.0,0.0,0.0,37,3.0,Americas
838_Peru Venezuela_2012,,1.0,3.0,838,2.0,,1.0,1.0,1,,,2012.0,0.0,1.0,0.0,0.0,0.0,0.0,7,1.0,Americas
84_Australia US_2004,2.0,1.0,1.0,84,2.0,0.0,2.0,1.0,2,1.0,2,2004.0,0.0,1.0,0.0,0.0,1.0,1.0,74,5.0,Intercontinental
840_Australia China_2015,,1.0,2.0,840,2.0,0.0,2.0,1.0,1,1.0,,2015.0,0.0,0.0,1.0,0.0,1.0,1.0,24,3.0,Intercontinental
842_Australia Japan_2014,,1.0,1.0,842,2.0,0.0,2.0,1.0,1,1.0,,2014.0,0.0,0.0,1.0,0.0,1.0,1.0,18,2.0,Intercontinental
844_Bosnia and Herzogovina EFTA_2013,,1.0,2.0,844,5.0,,,3.0,0,1.0,,2013.0,0.0,0.0,0.0,1.0,0.0,0.0,43,4.0,Europe
848_Canada EC (CETA)_2016,,1.0,1.0,848,29.0,0.0,2.0,3.0,1,1.0,,2016.0,0.0,1.0,0.0,1.0,1.0,0.0,119,6.0,Intercontinental
85_Austria EC_1972,2.0,1.0,1.0,85,10.0,0.0,2.0,3.0,0,1.0,2,1972.0,0.0,0.0,0.0,1.0,0.0,0.0,1,1.0,Europe
852_Canada Korea_2014,,1.0,2.0,852,2.0,0.0,2.0,1.0,1,1.0,,2014.0,0.0,1.0,1.0,0.0,1.0,0.0,66,5.0,Intercontinental
855_Canada Ukraine_2016,,1.0,2.0,855,2.0,0.0,2.0,1.0,1,1.0,2,2016.0,0.0,1.0,0.0,1.0,1.0,0.0,60,5.0,Intercontinental
858_Chile Hong Kong_2012,,1.0,3.0,858,2.0,0.0,2.0,1.0,1,,,2012.0,0.0,1.0,1.0,0.0,1.0,0.0,40,4.0,Intercontinental
86_Azerbaijan Georgia_1996,2.0,1.0,3.0,86,2.0,0.0,2.0,1.0,0,1.0,2,1996.0,0.0,0.0,1.0,0.0,0.0,0.0,3,1.0,Asia
862_China Switzerland_2013,,1.0,2.0,862,2.0,0.0,2.0,1.0,0,1.0,,2013.0,0.0,0.0,1.0,1.0,1.0,0.0,53,4.0,Intercontinental
864_Central America EFTA_2013,,1.0,2.0,864,6.0,0.0,2.0,3.0,1,,,2013.0,0.0,1.0,0.0,1.0,1.0,0.0,76,4.0,Intercontinental
866_EC Georgia_2014,,1.0,2.0,866,29.0,0.0,2.0,3.0,0,1.0,,2014.0,0.0,0.0,1.0,1.0,1.0,0.0,102,6.0,Intercontinental
867_Armenia EC_2018,2.0,1.0,2.0,867,30.0,0.0,,3.0,1,0.0,,2018.0,0.0,0.0,1.0,1.0,1.0,0.0,122,6.0,Intercontinental
869_EC Japan_2018,2.0,1.0,1.0,869,30.0,0.0,,3.0,0,1.0,2,2018.0,0.0,0.0,1.0,1.0,1.0,0.0,112,6.0,Intercontinental
872_EC Moldova_2014,,1.0,2.0,872,29.0,,2.0,3.0,0,1.0,,2014.0,0.0,0.0,1.0,1.0,1.0,0.0,120,6.0,Europe
874_EC Singapore_2018,2.0,1.0,2.0,874,30.0,0.0,,3.0,1,0.0,,2018.0,0.0,0.0,1.0,1.0,1.0,0.0,98,4.0,Intercontinental
876_EC Ukraine_2014,,1.0,2.0,876,30.0,,,3.0,0,1.0,,2014.0,0.0,0.0,0.0,1.0,1.0,0.0,117,6.0,Intercontinental
877_EC Vietnam_2016,,1.0,2.0,877,30.0,0.0,2.0,3.0,1,1.0,,2016.0,0.0,0.0,1.0,1.0,1.0,0.0,123,6.0,Intercontinental
885_Guatemala Trinidad Tobago_2015,2.0,2.0,3.0,885,2.0,0.0,,1.0,1,0.0,,2015.0,0.0,1.0,0.0,0.0,0.0,0.0,11,1.0,Americas
890_MERCOSUR Mexico_2003,2.0,2.0,3.0,890,5.0,0.0,,3.0,1,0.0,,2003.0,0.0,1.0,0.0,0.0,0.0,0.0,1,1.0,
891_Mexico Panama_2014,,2.0,3.0,891,2.0,0.0,2.0,1.0,1,1.0,2,2014.0,0.0,1.0,0.0,0.0,0.0,0.0,23,2.0,Americas
895_Pacific Agreement on Closer Economic Relations (PACER) Plus_2017,2.0,1.0,2.0,895,15.0,0.0,,2.0,1,0.0,,2017.0,0.0,0.0,0.0,0.0,0.0,1.0,48,3.0,Intercontinental
896_Panama Trinidad Tobago_2013,2.0,1.0,3.0,896,2.0,0.0,,1.0,1,0.0,,2013.0,0.0,1.0,0.0,0.0,0.0,0.0,11,1.0,Americas
899_Transpacific Partnership_2016,,1.0,3.0,899,12.0,0.0,2.0,2.0,2,0.0,,2016.0,0.0,1.0,1.0,0.0,1.0,1.0,134,6.0,Intercontinental
9_Albania EFTA_2009,,1.0,2.0,9,5.0,0.0,2.0,3.0,0,1.0,2,2009.0,0.0,0.0,0.0,1.0,0.0,0.0,13,1.0,Europe
9000_GATT47_1947,,1.0,2.0,9000,23.0,0.0,6.0,7.0,Not Applicable,0.0,Not Applicable,1947.0,1.0,1.0,1.0,1.0,1.0,1.0,2,1.0,
9001_Kennedy Protocols_1967,,1.0,2.0,9001,54.0,0.0,6.0,7.0,0,0.0,,1967.0,1.0,1.0,1.0,1.0,1.0,1.0,0,1.0,
9002_Tokyo Codes_1979,,1.0,2.0,9002,83.0,0.0,6.0,2.0,0,0.0,,1979.0,1.0,1.0,1.0,1.0,1.0,1.0,13,2.0,
9003_WTO Agreements_1994,,1.0,2.0,9003,124.0,0.0,6.0,7.0,0,0.0,,1994.0,1.0,1.0,1.0,1.0,1.0,1.0,22,2.0,
9004_Revised Agreement on Governement Procurement_2012,,1.0,2.0,9004,41.0,1.0,6.0,7.0,0,0.0,,2012.0,0.0,1.0,1.0,1.0,1.0,0.0,2,1.0,
9005_Agreement on Trade Facilitation_2014,,1.0,2.0,9005,158.0,1.0,6.0,7.0,0,0.0,,2014.0,1.0,1.0,1.0,1.0,1.0,1.0,8,1.0,
902_East African Community Common Market_2009,3.0,1.0,3.0,902,5.0,0.0,,2.0,1,1.0,3,2009.0,1.0,0.0,0.0,0.0,0.0,0.0,24,2.0,Africa
906_Armenia Cyprus_1996,,1.0,3.0,906,2.0,0.0,2.0,1.0,0,0.0,,1996.0,0.0,0.0,1.0,1.0,1.0,0.0,0,1.0,
907_Bangladesh India_2006,,1.0,3.0,907,2.0,0.0,2.0,1.0,0,0.0,,2006.0,0.0,0.0,1.0,0.0,0.0,0.0,0,1.0,
909_China Korea_2015,,1.0,3.0,909,2.0,0.0,2.0,1.0,1,1.0,2,2014.0,0.0,0.0,1.0,0.0,0.0,0.0,72,4.0,Asia
911_Australia Korea_2014,,1.0,2.0,911,2.0,0.0,2.0,1.0,1,0.0,,2014.0,0.0,0.0,1.0,0.0,1.0,1.0,69,4.0,Intercontinental
912_Korea New Zealand_2015,,1.0,2.0,912,2.0,0.0,2.0,1.0,1,0.0,,2015.0,0.0,0.0,1.0,0.0,1.0,1.0,97,5.0,Intercontinental
913_Korea Vietnam_2015,,1.0,3.0,913,2.0,0.0,2.0,1.0,1,0.0,,2015.0,0.0,0.0,1.0,0.0,0.0,0.0,16,1.0,Asia
915_Belarus Kazakhstan Russia Vietnam_2015,,1.0,3.0,915,6.0,0.0,2.0,3.0,1,0.0,,2015.0,0.0,0.0,1.0,1.0,1.0,0.0,40,4.0,Intercontinental
919_Honduras Peru_2015,,2.0,3.0,919,2.0,0.0,2.0,1.0,1,0.0,,2015.0,0.0,1.0,0.0,0.0,0.0,0.0,42,2.0,Americas
92_Azerbaijan Ukraine_1995,2.0,1.0,3.0,92,2.0,0.0,2.0,1.0,0,1.0,2,1995.0,0.0,0.0,1.0,1.0,1.0,0.0,2,1.0,Intercontinental
930_Japan Mongolia_2015,,1.0,2.0,930,2.0,0.0,2.0,1.0,0,1.0,2,2015.0,0.0,0.0,1.0,0.0,0.0,0.0,51,3.0,Asia
935_India Korea_2009,2.0,1.0,3.0,935,2.0,0.0,,1.0,1,1.0,2,2009.0,0.0,0.0,1.0,0.0,0.0,0.0,35,2.0,
94_Bahrain Jordan_2001,2.0,1.0,3.0,94,2.0,0.0,2.0,1.0,1,0.0,,2001.0,0.0,0.0,1.0,0.0,0.0,0.0,2,1.0,Asia
943_Malaysia Turkey_2014,,1.0,3.0,943,2.0,0.0,2.0,2.0,0,0.0,,2014.0,0.0,0.0,0.0,0.0,1.0,0.0,42,3.0,Intercontinental
949_Central America Mexico_2011,,2.0,3.0,949,6.0,0.0,2.0,3.0,1,1.0,2,2011.0,0.0,1.0,0.0,0.0,0.0,0.0,32,2.0,Americas
955_China Iceland_2013,2.0,1.0,2.0,955,2.0,0.0,,1.0,1,1.0,2,2013.0,0.0,0.0,1.0,1.0,1.0,0.0,28,2.0,Intercontinental
96_Bahrain US_2004,2.0,1.0,2.0,96,2.0,0.0,2.0,1.0,2,1.0,2,2004.0,0.0,1.0,1.0,0.0,1.0,0.0,58,4.0,Intercontinental
961_Singapore Taipei_2013,2.0,1.0,3.0,961,2.0,0.0,,1.0,1,1.0,2,2013.0,0.0,0.0,1.0,0.0,0.0,0.0,24,2.0,Asia
962_Singapore Turkey_2015,2.0,1.0,3.0,962,2.0,0.0,,1.0,1,1.0,2,2015.0,0.0,0.0,1.0,1.0,1.0,0.0,45,2.0,Intercontinental
965_EFTA Philippines_2016,,1.0,2.0,965,5.0,0.0,2.0,3.0,0,1.0,,2016.0,0.0,0.0,1.0,1.0,1.0,0.0,74,4.0,Intercontinental
968_Panama US_Environment,,1.0,2.0,968,2.0,0.0,2.0,1.0,2,1.0,,2012.0,0.0,1.0,0.0,0.0,0.0,0.0,36,4.0,Americas
969_Korea US_Environment,,1.0,2.0,969,2.0,0.0,2.0,1.0,2,1.0,,2012.0,0.0,1.0,1.0,0.0,1.0,0.0,47,4.0,Intercontinental
97_Baltic Free Trade Area (BAFTA) agriculture_1996,,1.0,3.0,97,3.0,0.0,1.0,2.0,0,0.0,,1996.0,0.0,0.0,0.0,1.0,0.0,0.0,4,1.0,Europe
971_Indonesia Pakistan_2012,,,3.0,971,,,,,0,,,2012.0,,,,,,,1,1.0,Asia
972_Ecuador EFTA_2018,,,2.0,972,,,,,0,,,2018.0,,,,,,,86,4.0,Intercontinental
974_Chile Uruguay_2016,2.0,2.0,3.0,974,2.0,0.0,,1.0,1,0.0,,2016.0,0.0,1.0,0.0,0.0,0.0,0.0,66,4.0,Americas
975_EC Kosovo SAA_2015,,1.0,2.0,975,29.0,0.0,2.0,3.0,0,0.0,,2015.0,0.0,0.0,0.0,1.0,0.0,0.0,37,2.0,Europe
976_Laos_US_2003,2.0,1.0,2.0,976,2.0,0.0,,1.0,2,0.0,,2003.0,0.0,1.0,1.0,0.0,1.0,0.0,6,1.0,Intercontinental
977_EC EAC_2016,2.0,1.0,2.0,977,34.0,0.0,,4.0,1,0.0,,2016.0,1.0,0.0,0.0,1.0,1.0,0.0,61,4.0,
978_EC SADC_2016,2.0,1.0,2.0,978,35.0,0.0,,4.0,1,0.0,,2016.0,1.0,0.0,0.0,1.0,1.0,0.0,39,4.0,Intercontinental
979_EC Fiji Papua New Guinea_2009,,,2.0,979,,,,,0,,,2009.0,,,,,,,14,1.0,Intercontinental
98_Baltic Free Trade Area (BAFTA) industrial_1993,2.0,1.0,3.0,98,3.0,0.0,2.0,2.0,0,1.0,2,1993.0,0.0,0.0,0.0,1.0,0.0,0.0,4,1.0,Europe
980_EC West African states_2014,,1.0,2.0,980,45.0,0.0,,4.0,1,0.0,,2014.0,1.0,0.0,0.0,1.0,1.0,0.0,36,2.0,
981_EFTA Georgia_2016,2.0,1.0,2.0,981,5.0,0.0,,3.0,1,1.0,2,2016.0,0.0,0.0,1.0,1.0,1.0,0.0,69,3.0,Intercontinental
983_Moldova Turkey_2014,2.0,1.0,3.0,983,2.0,0.0,,1.0,1,1.0,1,2014.0,0.0,0.0,1.0,0.0,0.0,0.0,9,1.0,Asia
984_Hong Kong Macao_2017,2.0,1.0,3.0,984,2.0,0.0,,1.0,0,1.0,2,2017.0,0.0,0.0,1.0,0.0,0.0,0.0,11,1.0,Asia
986_Pan-Arab Free Trade Area PAFTA_1997,2.0,1.0,3.0,986,21.0,0.0,,2.0,1,1.0,1,1997.0,1.0,0.0,0.0,0.0,0.0,0.0,1,1.0,
987_EFTA SACU_2006,2.0,1.0,2.0,987,9.0,0.0,,4.0,1,1.0,1,2006.0,1.0,0.0,0.0,1.0,1.0,0.0,19,2.0,Intercontinental
1001_Singapore Sri Lanka_2018,,,3.0,1001,,,,,0,,,2018.0,,,,,,,15,1.0,
988_African Continental FTA_2018,2.0,1.0,3.0,988,54.0,0.0,,2.0,1,0.0,,2018.0,1.0,0.0,0.0,0.0,0.0,0.0,9,1.0,Africa
989_Comprehensive and Progressive Agreement for Transpacific Partnership (CPTPP)_2018,,,2.0,989,,,,,1,,,2018.0,,,,,,,83,5.0,Intercontinental
99_Baltic Free Trade Area (BAFTA) Non Tariff Barriers_1997,,1.0,3.0,99,3.0,0.0,1.0,2.0,0,0.0,,1997.0,0.0,0.0,0.0,1.0,0.0,0.0,9,1.0,Europe
990_China Georgia_2017,2.0,1.0,3.0,990,2.0,0.0,,1.0,1,1.0,2,2017.0,0.0,0.0,1.0,0.0,0.0,0.0,36,2.0,Intercontinental
992_Australia Peru_2018,2.0,1.0,2.0,992,2.0,0.0,,1.0,1,0.0,,2018.0,0.0,1.0,0.0,0.0,1.0,1.0,65,4.0,Intercontinental
993_Argentina Chile_2017,2.0,2.0,3.0,993,2.0,0.0,,1.0,1,0.0,,2017.0,0.0,1.0,0.0,0.0,0.0,0.0,86,4.0,Americas
995_Eurasian Economic Union (EEU) Iran_2018,,,3.0,995,,,,,0,,,2018.0,,,,,,,11,1.0,Intercontinental
996_Colombia MERCOSUR_2017,2.0,2.0,3.0,996,5.0,0.0,,3.0,1,0.0,,2017.0,0.0,1.0,0.0,0.0,0.0,0.0,9,1.0,Americas
997_EC Kazakhstan_2015,2.0,1.0,2.0,997,30.0,0.0,,3.0,1,0.0,,2015.0,0.0,0.0,1.0,1.0,1.0,0.0,93,5.0,Intercontinental
,,,,,,,,,,,,,,,,,,,298,,
,,,,,,,,,,,,,,,,,,,0,,
